lat,long,smap_sm
35.5,-121.0,0.122571304
36.0,-121.0,0.10367398
36.5,-121.0,0.0884684
37.0,-121.0,0.1545465
35.5,-120.5,0.08624449
36.0,-120.5,0.08683992
36.5,-120.5,0.11741039
37.0,-120.5,0.1599437
37.5,-120.5,0.15762596
35.0,-120.0,0.078054525
35.5,-120.0,0.07307647
36.0,-120.0,0.10084195
36.5,-120.0,0.15436882
37.5,-120.0,0.14871557
39.5,-120.0,0.13169417
40.0,-120.0,0.09309853
34.5,-119.5,0.11553888
35.0,-119.5,0.07926858
35.5,-119.5,0.091839746
36.0,-119.5,0.14789051
36.5,-119.5,0.15386783
37.0,-119.5,0.12280073
38.5,-119.5,0.10844304
39.0,-119.5,0.08697088
39.5,-119.5,0.09195139
34.5,-119.0,0.10416541
35.0,-119.0,0.11574438
35.5,-119.0,0.1135818
36.0,-119.0,0.13683431
36.5,-119.0,0.15240473
38.5,-119.0,0.07705239
39.0,-119.0,0.068884686
39.5,-119.0,0.107163146
40.0,-119.0,0.101508945
34.5,-118.5,0.09087916
35.0,-118.5,0.08102265
35.5,-118.5,0.10975699
38.0,-118.5,0.07985413
38.5,-118.5,0.06253268
39.0,-118.5,0.08686424
39.5,-118.5,0.14180167
40.0,-118.5,0.17319454
34.5,-118.0,0.05044139
35.0,-118.0,0.047437012
35.5,-118.0,0.07184047
36.0,-118.0,0.10003914
36.5,-118.0,0.12854522
37.0,-118.0,0.08999315
37.5,-118.0,0.07867382
38.0,-118.0,0.08003883
38.5,-118.0,0.059987202
39.0,-118.0,0.063247465
39.5,-118.0,0.11280784
40.0,-118.0,0.14593467
34.5,-117.5,0.03897387
35.0,-117.5,0.035939373
35.5,-117.5,0.062229056
36.0,-117.5,0.08877133
36.5,-117.5,0.10403346
37.5,-117.5,0.07138206
38.0,-117.5,0.0695854
38.5,-117.5,0.053660948
39.0,-117.5,0.10468068
39.5,-117.5,0.100592114
40.0,-117.5,0.080483764
34.5,-117.0,0.04683349
35.0,-117.0,0.04302962
35.5,-117.0,0.062910825
37.0,-117.0,0.065214194
37.5,-117.0,0.055623636
38.0,-117.0,0.051708262
38.5,-117.0,0.06269266
39.5,-117.0,0.08967133
40.0,-117.0,0.08060777
32.0,-116.5,0.0748722
32.5,-116.5,0.08302845
33.0,-116.5,0.10131689
33.5,-116.5,0.09926497
34.5,-116.5,0.0647573
35.0,-116.5,0.053629756
35.5,-116.5,0.0748843
36.5,-116.5,0.07690274
37.0,-116.5,0.050241385
37.5,-116.5,0.044142324
38.0,-116.5,0.047757797
38.5,-116.5,0.069818035
39.0,-116.5,0.079198405
39.5,-116.5,0.07847118
40.0,-116.5,0.10590887
31.5,-116.0,0.08160078
32.0,-116.0,0.08636431
32.5,-116.0,0.10054193
33.0,-116.0,0.100263946
34.0,-116.0,0.07298696
34.5,-116.0,0.07152108
35.0,-116.0,0.056182355
35.5,-116.0,0.057523828
36.5,-116.0,0.06674395
37.0,-116.0,0.054831836
37.5,-116.0,0.049533624
38.0,-116.0,0.048065767
38.5,-116.0,0.054135162
39.0,-116.0,0.06413145
39.5,-116.0,0.114241175
40.0,-116.0,0.1454187
30.5,-115.5,0.09443056
31.0,-115.5,0.11567848
31.5,-115.5,0.09553013
32.0,-115.5,0.086752936
32.5,-115.5,0.10454448
33.5,-115.5,0.08606465
34.0,-115.5,0.0713606
34.5,-115.5,0.057766274
35.0,-115.5,0.05218771
35.5,-115.5,0.061910164
36.0,-115.5,0.06913463
36.5,-115.5,0.07022277
37.5,-115.5,0.058610465
38.0,-115.5,0.061615728
38.5,-115.5,0.09062623
39.0,-115.5,0.08091491
39.5,-115.5,0.10834572
40.0,-115.5,0.12350676
29.5,-115.0,0.08968891
30.0,-115.0,0.07877616
30.5,-115.0,0.095819965
31.5,-115.0,0.20340677
32.0,-115.0,0.27671427
32.5,-115.0,0.13925207
33.0,-115.0,0.09711333
33.5,-115.0,0.08337902
34.0,-115.0,0.06970746
34.5,-115.0,0.05660409
35.0,-115.0,0.04892333
35.5,-115.0,0.054695737
36.5,-115.0,0.09216402
37.0,-115.0,0.06898995
37.5,-115.0,0.05813581
38.0,-115.0,0.058743592
38.5,-115.0,0.07891218
39.0,-115.0,0.0962243
39.5,-115.0,0.101190396
40.0,-115.0,0.11106214
29.5,-114.5,0.09454668
32.5,-114.5,0.07098213
33.0,-114.5,0.09533101
33.5,-114.5,0.08315049
34.0,-114.5,0.08241813
34.5,-114.5,0.073764995
35.5,-114.5,0.0616547
36.5,-114.5,0.055970155
37.0,-114.5,0.06286798
37.5,-114.5,0.076796554
38.0,-114.5,0.06413193
38.5,-114.5,0.064929806
39.5,-114.5,0.084151596
40.0,-114.5,0.07919957
29.0,-114.0,0.08684513
32.0,-114.0,0.07120837
32.5,-114.0,0.07133977
33.0,-114.0,0.069394596
33.5,-114.0,0.07042517
34.0,-114.0,0.07276601
34.5,-114.0,0.06708533
35.0,-114.0,0.05932887
35.5,-114.0,0.046132546
36.5,-114.0,0.041713517
37.0,-114.0,0.056780435
37.5,-114.0,0.06746814
38.0,-114.0,0.06658944
38.5,-114.0,0.05980286
39.0,-114.0,0.07341911
39.5,-114.0,0.08025493
40.0,-114.0,0.09960096
27.5,-113.5,0.11414849
28.0,-113.5,0.098051116
28.5,-113.5,0.11769865
31.5,-113.5,0.07038832
32.0,-113.5,0.070305675
32.5,-113.5,0.064535625
33.0,-113.5,0.06918148
33.5,-113.5,0.06474611
34.0,-113.5,0.058543146
34.5,-113.5,0.07721866
35.0,-113.5,0.07856373
35.5,-113.5,0.07831774
36.0,-113.5,0.07979951
36.5,-113.5,0.069657475
37.5,-113.5,0.0771649
38.0,-113.5,0.057916433
38.5,-113.5,0.069463775
39.0,-113.5,0.11555892
39.5,-113.5,0.102260455
40.0,-113.5,0.26843902
27.0,-113.0,0.17080651
27.5,-113.0,0.12657394
31.5,-113.0,0.055943787
32.0,-113.0,0.055963
32.5,-113.0,0.059044622
33.0,-113.0,0.07490027
33.5,-113.0,0.06642299
34.0,-113.0,0.054909497
34.5,-113.0,0.07577467
35.0,-113.0,0.07697089
35.5,-113.0,0.06599262
36.0,-113.0,0.07259533
36.5,-113.0,0.06972331
37.0,-113.0,0.0765576
37.5,-113.0,0.1491861
38.0,-113.0,0.07149523
38.5,-113.0,0.06114709
39.0,-113.0,0.15500529
39.5,-113.0,0.052026436
40.0,-113.0,0.081651695
27.0,-112.5,0.14283729
30.5,-112.5,0.0630345
31.0,-112.5,0.06532474
31.5,-112.5,0.056275256
32.0,-112.5,0.06805614
32.5,-112.5,0.06696588
33.0,-112.5,0.063491926
33.5,-112.5,0.075068116
34.0,-112.5,0.07762336
34.5,-112.5,0.07840486
35.0,-112.5,0.06760718
35.5,-112.5,0.060449786
36.0,-112.5,0.07204201
36.5,-112.5,0.0814559
37.0,-112.5,0.08110742
37.5,-112.5,0.12651102
38.0,-112.5,0.10603991
38.5,-112.5,0.072548166
39.0,-112.5,0.08248899
39.5,-112.5,0.05531215
40.0,-112.5,0.051525872
29.0,-112.0,0.08725392
29.5,-112.0,0.08140481
30.0,-112.0,0.07276656
30.5,-112.0,0.07358351
31.0,-112.0,0.07573916
31.5,-112.0,0.06409569
32.0,-112.0,0.060596704
32.5,-112.0,0.06547033
33.0,-112.0,0.06976812
34.0,-112.0,0.08300716
34.5,-112.0,0.08711203
35.0,-112.0,0.10040432
35.5,-112.0,0.082015775
36.0,-112.0,0.075806536
36.5,-112.0,0.07369265
37.0,-112.0,0.061541
37.5,-112.0,0.09589613
38.0,-112.0,0.10882649
39.0,-112.0,0.09652498
39.5,-112.0,0.07804989
40.0,-112.0,0.086345196
29.5,-111.5,0.09290917
30.0,-111.5,0.11804892
30.5,-111.5,0.08128342
31.0,-111.5,0.088496275
31.5,-111.5,0.0749253
32.0,-111.5,0.065846354
32.5,-111.5,0.07274388
33.5,-111.5,0.07740886
34.0,-111.5,0.0829508
34.5,-111.5,0.10324177
35.0,-111.5,0.11939801
35.5,-111.5,0.0768026
36.5,-111.5,0.039262358
37.5,-111.5,0.056655794
38.0,-111.5,0.08530637
38.5,-111.5,0.10039496
40.0,-111.5,0.17084979
30.5,-111.0,0.0953277
31.0,-111.0,0.121866725
31.5,-111.0,0.1024815
32.5,-111.0,0.06714612
33.0,-111.0,0.077086896
33.5,-111.0,0.097742096
34.0,-111.0,0.08770519
34.5,-111.0,0.105091006
36.5,-111.0,0.035482638
38.0,-111.0,0.067439005
39.0,-111.0,0.08651307
40.0,-111.0,0.19800289
31.5,-110.5,0.098036066
32.0,-110.5,0.07195293
32.5,-110.5,0.08059694
33.0,-110.5,0.097586036
33.5,-110.5,0.09412992
34.0,-110.5,0.08300249
34.5,-110.5,0.07668487
36.0,-110.5,0.04485949
36.5,-110.5,0.06303769
37.0,-110.5,0.05005236
37.5,-110.5,0.040158395
38.0,-110.5,0.048302583
38.5,-110.5,0.048701003
39.0,-110.5,0.064211965
39.5,-110.5,0.10478866
40.0,-110.5,0.12284571
34.0,-110.0,0.07495886
34.5,-110.0,0.11021814
35.5,-110.0,0.048050106
36.5,-110.0,0.043761544
37.0,-110.0,0.04461542
37.5,-110.0,0.07122026
38.0,-110.0,0.07757735
38.5,-110.0,0.046954963
39.0,-110.0,0.07517761
39.5,-110.0,0.11210394
40.0,-110.0,0.07697103
35.5,-109.5,0.051670436
36.0,-109.5,0.047397383
36.5,-109.5,0.03974303
37.5,-109.5,0.064613305
38.0,-109.5,0.08370598
38.5,-109.5,0.06494408
39.0,-109.5,0.07610826
39.5,-109.5,0.090320505
40.0,-109.5,0.075468935
36.0,-109.0,0.06613664
36.5,-109.0,0.060068686
37.0,-109.0,0.047952004
37.5,-109.0,0.06299649
38.0,-109.0,0.07547408
38.5,-109.0,0.1034332
39.0,-109.0,0.076066904
39.5,-109.0,0.089715466
40.0,-109.0,0.068777576
38.0,-108.5,0.07587563
38.5,-108.5,0.13154668
39.0,-108.5,0.09037258
39.5,-108.5,0.11753211
40.0,-108.5,0.08530445
39.5,-108.0,0.12185285
40.0,-108.0,0.09950691
40.0,-107.5,0.1232556
18.0,-100.0,0.50649315
18.5,-100.0,0.45059332
19.0,-100.0,0.37325907
17.0,-99.5,0.32674703
18.0,-99.5,0.38100702
18.5,-99.5,0.3782667
19.5,-99.5,0.23430085
20.0,-99.5,0.20379093
20.5,-99.5,0.25861165
21.0,-99.5,0.4155984
17.0,-99.0,0.33472276
17.5,-99.0,0.32328314
18.0,-99.0,0.324807
18.5,-99.0,0.25934368
20.5,-99.0,0.27430966
21.5,-99.0,0.2950726
22.0,-99.0,0.23475882
22.5,-99.0,0.33351552
23.0,-99.0,0.28384507
23.5,-99.0,0.25412166
24.5,-99.0,0.25028822
17.0,-98.5,0.44233674
17.5,-98.5,0.2934243
18.0,-98.5,0.26502058
18.5,-98.5,0.21633199
19.0,-98.5,0.19604203
19.5,-98.5,0.2184245
20.0,-98.5,0.25209975
21.0,-98.5,0.22988997
21.5,-98.5,0.2103018
22.0,-98.5,0.18893161
22.5,-98.5,0.2195229
23.0,-98.5,0.19945383
24.0,-98.5,0.27790073
24.5,-98.5,0.20274341
25.0,-98.5,0.23837301
25.5,-98.5,0.26096722
26.0,-98.5,0.19432071
26.5,-98.5,0.2235294
17.5,-98.0,0.31599307
18.0,-98.0,0.23128963
18.5,-98.0,0.22077541
19.0,-98.0,0.21472546
21.0,-98.0,0.3003682
21.5,-98.0,0.22166342
25.5,-98.0,0.21211995
26.0,-98.0,0.19300318
26.5,-98.0,0.23680787
27.0,-98.0,0.09822564
27.5,-98.0,0.10545523
28.0,-98.0,0.10616211
28.5,-98.0,0.10982979
17.0,-97.5,0.3000712
17.5,-97.5,0.25875401
18.0,-97.5,0.21628349
18.5,-97.5,0.19463865
19.0,-97.5,0.20953338
19.5,-97.5,0.21457486
20.5,-97.5,0.1720092
28.0,-97.5,0.14390196
28.5,-97.5,0.12777157
29.0,-97.5,0.13582698
29.5,-97.5,0.1978169
30.0,-97.5,0.21419539
30.5,-97.5,0.20683573
31.0,-97.5,0.23189387
16.5,-97.0,0.31841063
29.0,-97.0,0.18414441
29.5,-97.0,0.18732332
30.0,-97.0,0.2005812
30.5,-97.0,0.19560653
31.0,-97.0,0.20465592
31.5,-97.0,0.22564581
32.0,-97.0,0.2465188
32.5,-97.0,0.24354227
33.5,-97.0,0.2561787
16.5,-96.5,0.22097418
17.0,-96.5,0.22766557
19.0,-96.5,0.16087624
29.0,-96.5,0.28264534
29.5,-96.5,0.24427989
30.0,-96.5,0.20075123
30.5,-96.5,0.20208552
31.0,-96.5,0.20585002
31.5,-96.5,0.23814547
32.0,-96.5,0.32023808
32.5,-96.5,0.32362586
33.5,-96.5,0.28851077
34.5,-96.5,0.31688496
35.0,-96.5,0.28974485
35.5,-96.5,0.25587314
16.5,-96.0,0.3456059
17.0,-96.0,0.2418157
18.0,-96.0,0.2421854
29.0,-96.0,0.32573274
29.5,-96.0,0.30893674
30.0,-96.0,0.19274177
30.5,-96.0,0.20643623
31.0,-96.0,0.22380985
31.5,-96.0,0.26608178
32.0,-96.0,0.31382576
32.5,-96.0,0.32473
33.5,-96.0,0.2664976
34.0,-96.0,0.29194388
34.5,-96.0,0.3322884
35.0,-96.0,0.29882148
35.5,-96.0,0.2926161
36.5,-96.0,0.3066126
37.0,-96.0,0.22205964
37.5,-96.0,0.18352827
38.0,-96.0,0.19293132
38.5,-96.0,0.21120434
39.0,-96.0,0.2072289
16.5,-95.5,0.19759701
17.5,-95.5,0.23181583
18.0,-95.5,0.24555
29.5,-95.5,0.34203514
31.0,-95.5,0.28063518
31.5,-95.5,0.24759787
32.0,-95.5,0.2701092
32.5,-95.5,0.32135355
33.0,-95.5,0.33381966
33.5,-95.5,0.29780376
34.5,-95.5,0.3314961
35.0,-95.5,0.37915993
36.5,-95.5,0.31228065
37.0,-95.5,0.20065859
37.5,-95.5,0.17752026
38.0,-95.5,0.16268712
38.5,-95.5,0.19962241
39.0,-95.5,0.23514152
39.5,-95.5,0.22953337
40.0,-95.5,0.27228278
17.5,-95.0,0.20886147
18.0,-95.0,0.20603204
31.5,-95.0,0.28000292
32.0,-95.0,0.24981464
32.5,-95.0,0.2788266
33.0,-95.0,0.3325325
33.5,-95.0,0.32270187
34.0,-95.0,0.32605225
35.0,-95.0,0.33071262
36.0,-95.0,0.38236967
36.5,-95.0,0.27673334
37.0,-95.0,0.20827605
37.5,-95.0,0.19224003
38.0,-95.0,0.1850211
38.5,-95.0,0.2206919
39.0,-95.0,0.2503544
39.5,-95.0,0.25239912
40.0,-95.0,0.2884261
17.5,-94.5,0.2165103
30.0,-94.5,0.3771059
31.5,-94.5,0.2911042
32.0,-94.5,0.2680987
32.5,-94.5,0.27690402
33.0,-94.5,0.3775866
33.5,-94.5,0.3506282
35.0,-94.5,0.36748764
36.0,-94.5,0.29563546
36.5,-94.5,0.28877556
37.5,-94.5,0.20495066
38.0,-94.5,0.2538248
38.5,-94.5,0.2485866
39.5,-94.5,0.21780926
40.0,-94.5,0.21040669
16.5,-94.0,0.4093173
17.5,-94.0,0.3997097
18.0,-94.0,0.3816383
32.5,-94.0,0.2650097
33.0,-94.0,0.37246114
33.5,-94.0,0.41009396
35.5,-94.0,0.34034625
36.5,-94.0,0.28473946
37.0,-94.0,0.23820195
37.5,-94.0,0.23147494
38.0,-94.0,0.26451957
38.5,-94.0,0.26836762
39.0,-94.0,0.24949318
39.5,-94.0,0.19078888
40.0,-94.0,0.21403912
16.5,-93.5,0.3871836
17.5,-93.5,0.41762227
32.5,-93.5,0.2893507
37.0,-93.5,0.22697653
37.5,-93.5,0.2182667
38.0,-93.5,0.22078256
38.5,-93.5,0.26561117
39.0,-93.5,0.28675073
39.5,-93.5,0.27532148
40.0,-93.5,0.242122
16.0,-93.0,0.37799928
16.5,-93.0,0.25700754
35.5,-93.0,0.40343827
37.0,-93.0,0.2286316
37.5,-93.0,0.19587037
38.0,-93.0,0.21783285
38.5,-93.0,0.23982882
39.0,-93.0,0.28046408
39.5,-93.0,0.29909867
40.0,-93.0,0.23147348
16.5,-92.5,0.2848953
35.5,-92.5,0.35624886
37.0,-92.5,0.2351351
38.5,-92.5,0.26176977
39.0,-92.5,0.24534859
39.5,-92.5,0.230893
40.0,-92.5,0.22206396
16.0,-92.0,0.23500654
17.5,-92.0,0.35044307
30.5,-92.0,0.36667418
31.0,-92.0,0.37556148
35.5,-92.0,0.28931284
36.5,-92.0,0.27743536
39.0,-92.0,0.21243876
39.5,-92.0,0.23305856
40.0,-92.0,0.2117026
15.5,-91.5,0.38474545
17.5,-91.5,0.39443952
18.0,-91.5,0.3757103
32.0,-91.5,0.34588102
32.5,-91.5,0.2826325
34.0,-91.5,0.3429289
34.5,-91.5,0.38747224
35.0,-91.5,0.35852665
35.5,-91.5,0.3639952
36.5,-91.5,0.23100707
38.5,-91.5,0.28746727
39.0,-91.5,0.252702
39.5,-91.5,0.28559685
40.0,-91.5,0.27276227
15.0,-91.0,0.36184016
33.5,-91.0,0.31538105
34.5,-91.0,0.37811124
35.0,-91.0,0.32821894
35.5,-91.0,0.3425837
36.0,-91.0,0.34120765
36.5,-91.0,0.33515576
39.0,-91.0,0.3853367
39.5,-91.0,0.29694852
40.0,-91.0,0.2186164
17.0,-90.5,0.31511998
30.5,-90.5,0.33702144
31.0,-90.5,0.29421788
31.5,-90.5,0.266645
32.5,-90.5,0.33804196
34.0,-90.5,0.25582084
34.5,-90.5,0.32740265
35.0,-90.5,0.35317034
35.5,-90.5,0.3611585
36.0,-90.5,0.3319849
36.5,-90.5,0.3450506
39.0,-90.5,0.398334
39.5,-90.5,0.26189247
40.0,-90.5,0.24431963
31.0,-90.0,0.28692794
31.5,-90.0,0.2413289
32.5,-90.0,0.2655677
33.5,-90.0,0.2991776
34.0,-90.0,0.33459345
34.5,-90.0,0.32056317
35.5,-90.0,0.34263825
36.0,-90.0,0.2774356
36.5,-90.0,0.25588012
37.0,-90.0,0.27678996
37.5,-90.0,0.34569454
38.0,-90.0,0.34525022
39.0,-90.0,0.20607713
39.5,-90.0,0.20450424
40.0,-90.0,0.2063022
30.5,-89.5,0.24017821
31.0,-89.5,0.25306234
31.5,-89.5,0.22609086
35.0,-89.5,0.3212186
35.5,-89.5,0.26754397
36.0,-89.5,0.31545419
36.5,-89.5,0.33849856
37.0,-89.5,0.39501253
38.0,-89.5,0.29520693
38.5,-89.5,0.26085937
39.0,-89.5,0.23230003
40.0,-89.5,0.17021237
34.5,-89.0,0.2794772
35.5,-89.0,0.23493138
36.0,-89.0,0.22051771
36.5,-89.0,0.3278535
37.5,-89.0,0.35078755
39.0,-89.0,0.2257154
39.5,-89.0,0.16542724
34.0,-88.5,0.30078283
36.0,-88.5,0.22044945
36.5,-88.5,0.26050094
38.0,-88.5,0.2994818
38.5,-88.5,0.29119056
39.0,-88.5,0.21353859
39.5,-88.5,0.16458915
40.0,-88.5,0.12670775
37.0,-88.0,0.26477498
37.5,-88.0,0.28385174
38.0,-88.0,0.29751587
38.5,-88.0,0.26691467
39.0,-88.0,0.20290643
39.5,-88.0,0.15362272
40.0,-88.0,0.15222831
35.0,-87.5,0.22742088
37.5,-87.5,0.30439684
38.5,-87.5,0.26131582
39.0,-87.5,0.25054666
40.0,-87.5,0.17442946
31.0,-87.0,0.2728957
34.5,-87.0,0.2566965
35.0,-87.0,0.23611659
35.5,-87.0,0.24388298
36.5,-87.0,0.27397132
37.0,-87.0,0.29251584
37.5,-87.0,0.35903642
38.0,-87.0,0.3474405
38.5,-87.0,0.29251522
39.0,-87.0,0.29213452
39.5,-87.0,0.2546044
40.0,-87.0,0.23272505
31.5,-86.5,0.23725423
35.0,-86.5,0.3276842
35.5,-86.5,0.2669396
37.5,-86.5,0.36044735
38.0,-86.5,0.40393388
34.5,-86.0,0.31506154
36.5,-86.0,0.28807664
37.5,-86.0,0.370376
38.0,-86.0,0.35910282
38.5,-86.0,0.3605031
37.0,-85.5,0.33210242
37.5,-85.5,0.3604815
38.0,-85.5,0.32249767
38.5,-85.5,0.3622823
39.0,-85.5,0.34535432
39.5,-85.5,0.3192615
40.0,-85.5,0.2809953
38.0,-85.0,0.322193
39.0,-85.0,0.32542533
39.5,-85.0,0.30576542
40.0,-85.0,0.28024954
37.5,-84.5,0.3260968
38.5,-84.5,0.2829459
40.0,-84.5,0.26004416
38.0,-84.0,0.31864172
38.5,-84.0,0.31706756
39.0,-84.0,0.3234012
39.5,-84.0,0.26302966
39.0,-83.5,0.30459523
39.5,-83.5,0.20923023
40.0,-83.5,0.2327883
-6.5,-80.0,0.111301176
-6.0,-80.0,0.048208542
-5.5,-80.0,0.06419693
-5.0,-80.0,0.10740772
-4.5,-80.0,0.22994801
-7.0,-79.5,0.12719053
-6.5,-79.5,0.14706458
-6.0,-79.5,0.16811457
-5.5,-79.5,0.21573628
-5.0,-79.5,0.2269176
-4.5,-79.5,0.24645582
-4.0,-79.5,0.19989175
-3.0,-79.5,0.20398697
-2.0,-79.5,0.35693625
-8.0,-79.0,0.13578011
-6.5,-79.0,0.22061962
-6.0,-79.0,0.22534697
-3.0,-79.0,0.18776444
-2.5,-79.0,0.22751182
-2.0,-79.0,0.2441826
-1.5,-79.0,0.22248888
-7.5,-78.5,0.1727188
-7.0,-78.5,0.21845736
-6.5,-78.5,0.2327731
-6.0,-78.5,0.19897273
-2.0,-78.5,0.19407871
-1.0,-78.5,0.18666616
-0.5,-78.5,0.19958964
-8.0,-78.0,0.19335228
-7.5,-78.0,0.16615023
-7.0,-78.0,0.16774432
-0.5,-78.0,0.21283111
0.5,-78.0,0.15327123
-10.0,-77.5,0.19049808
-9.0,-77.5,0.24138314
-11.0,-77.0,0.12554666
-10.0,-77.0,0.21580897
-9.5,-77.0,0.24703361
2.0,-77.0,0.16879793
-11.5,-76.5,0.1745031
-11.0,-76.5,0.25346053
-10.5,-76.5,0.21951248
-10.0,-76.5,0.20888668
-9.5,-76.5,0.22183546
8.5,-76.5,0.30281833
-13.0,-76.0,0.15417296
-12.0,-76.0,0.17483729
-11.5,-76.0,0.16488126
-11.0,-76.0,0.23390448
-10.5,-76.0,0.26556182
4.5,-76.0,0.23003307
8.5,-76.0,0.32983905
-14.5,-75.5,0.05800498
-14.0,-75.5,0.11541911
-12.5,-75.5,0.19015002
-12.0,-75.5,0.15755165
-11.5,-75.5,0.13750044
1.5,-75.5,0.39525497
8.0,-75.5,0.38883623
8.5,-75.5,0.35347515
9.0,-75.5,0.44704458
-15.0,-75.0,0.078675695
-14.5,-75.0,0.096564926
-14.0,-75.0,0.106005326
-13.5,-75.0,0.13194843
-13.0,-75.0,0.16135214
-12.5,-75.0,0.15900187
-12.0,-75.0,0.1912962
1.5,-75.0,0.46857047
2.0,-75.0,0.49061772
3.0,-75.0,0.2832334
3.5,-75.0,0.2571799
4.0,-75.0,0.20148125
4.5,-75.0,0.15901338
9.0,-75.0,0.45258585
9.5,-75.0,0.3877413
-15.0,-74.5,0.09980663
-14.5,-74.5,0.09837156
-14.0,-74.5,0.123305
-13.0,-74.5,0.15508711
2.0,-74.5,0.43625158
6.0,-74.5,0.31994483
9.5,-74.5,0.457422
10.0,-74.5,0.24360624
10.5,-74.5,0.26366428
-16.0,-74.0,0.08831468
-15.5,-74.0,0.11844843
-15.0,-74.0,0.11298508
-14.5,-74.0,0.120302856
-14.0,-74.0,0.13230455
-13.5,-74.0,0.154389
-13.0,-74.0,0.14090188
3.0,-74.0,0.3520113
3.5,-74.0,0.35415092
4.5,-74.0,0.22709931
5.0,-74.0,0.22206153
6.5,-74.0,0.3139155
9.5,-74.0,0.28926545
10.0,-74.0,0.21606058
10.5,-74.0,0.17625733
-16.0,-73.5,0.096486904
-14.5,-73.5,0.11967607
-14.0,-73.5,0.17786108
3.0,-73.5,0.3531107
3.5,-73.5,0.35595316
4.0,-73.5,0.36311287
10.0,-73.5,0.21187821
-16.0,-73.0,0.08959684
-15.0,-73.0,0.097222775
-14.5,-73.0,0.11481817
3.0,-73.0,0.3599711
3.5,-73.0,0.36043286
4.0,-73.0,0.40530276
4.5,-73.0,0.4344656
5.5,-73.0,0.20959474
-14.5,-72.5,0.11243994
-14.0,-72.5,0.15510477
3.0,-72.5,0.3536419
3.5,-72.5,0.3335914
4.0,-72.5,0.31323135
4.5,-72.5,0.43865758
5.0,-72.5,0.45035788
5.5,-72.5,0.38408682
6.0,-72.5,0.21299711
8.5,-72.5,0.23029523
9.0,-72.5,0.3016708
9.5,-72.5,0.28341886
10.0,-72.5,0.16900863
10.5,-72.5,0.10832015
19.5,-72.5,0.46576566
3.5,-72.0,0.2893445
4.0,-72.0,0.27739543
4.5,-72.0,0.37865633
5.0,-72.0,0.44705445
5.5,-72.0,0.41909733
6.0,-72.0,0.46441433
8.5,-72.0,0.20565781
19.0,-72.0,0.41171274
4.0,-71.5,0.2914995
4.5,-71.5,0.3617951
5.0,-71.5,0.46935835
5.5,-71.5,0.47457474
7.5,-71.5,0.45453927
19.0,-71.5,0.29055864
4.0,-71.0,0.29508543
4.5,-71.0,0.2997262
5.0,-71.0,0.40005654
7.0,-71.0,0.4975518
7.5,-71.0,0.45171523
8.0,-71.0,0.32922944
10.5,-71.0,0.1521316
18.5,-71.0,0.2942823
19.0,-71.0,0.30911142
4.5,-70.5,0.29684174
8.0,-70.5,0.4139068
8.5,-70.5,0.31888035
10.5,-70.5,0.15456256
11.0,-70.5,0.19033079
8.0,-70.0,0.4744007
8.5,-70.0,0.3712675
10.0,-70.0,0.14924383
10.5,-70.0,0.15638378
11.0,-70.0,0.173278
6.0,-69.5,0.3349745
7.0,-69.5,0.40582463
7.5,-69.5,0.46285677
8.0,-69.5,0.50260806
8.5,-69.5,0.4007722
10.0,-69.5,0.15390454
10.5,-69.5,0.1576948
5.0,-69.0,0.28317627
5.5,-69.0,0.26265574
6.0,-69.0,0.2859577
8.0,-69.0,0.47227815
8.5,-69.0,0.34447354
9.5,-69.0,0.31289515
5.0,-68.5,0.27064496
5.5,-68.5,0.25912324
6.0,-68.5,0.2738069
8.0,-68.5,0.51584667
8.5,-68.5,0.45398888
9.0,-68.5,0.36942968
9.5,-68.5,0.36533588
8.0,-68.0,0.44973043
8.5,-68.0,0.4526882
9.0,-68.0,0.35243946
9.5,-68.0,0.30880344
10.0,-68.0,0.37068194
10.0,-67.5,0.46626598
-40.0,-65.5,0.09705038
-39.5,-65.5,0.12808537
-40.0,-65.0,0.11068799
-39.5,-65.0,0.12162498
-39.0,-65.0,0.12646315
-38.5,-65.0,0.153196
-38.0,-65.0,0.14693302
-40.0,-64.5,0.11954764
-39.5,-64.5,0.10482373
-39.0,-64.5,0.13346855
-38.5,-64.5,0.15625241
-38.0,-64.5,0.14347881
-37.5,-64.5,0.15431672
-37.0,-64.5,0.16969079
-36.5,-64.5,0.20334329
-40.0,-64.0,0.107259795
-39.5,-64.0,0.11620966
-39.0,-64.0,0.14393158
-38.5,-64.0,0.1647645
-38.0,-64.0,0.16114992
-37.5,-64.0,0.16462997
-37.0,-64.0,0.18749826
-36.5,-64.0,0.19629917
-36.0,-64.0,0.22461669
-40.0,-63.5,0.114604846
-39.5,-63.5,0.13468823
-39.0,-63.5,0.12892443
-38.5,-63.5,0.15991539
-38.0,-63.5,0.18528554
-37.5,-63.5,0.21759614
-37.0,-63.5,0.21588276
-36.5,-63.5,0.1802209
-36.0,-63.5,0.21483159
-35.5,-63.5,0.23871632
-35.0,-63.5,0.3072399
-34.5,-63.5,0.28386068
-34.0,-63.5,0.21494007
-40.0,-63.0,0.10295808
-39.5,-63.0,0.1394629
-39.0,-63.0,0.12125888
-38.5,-63.0,0.16893269
-38.0,-63.0,0.18470372
-37.5,-63.0,0.24227162
-36.5,-63.0,0.18292418
-36.0,-63.0,0.2484421
-35.5,-63.0,0.30127656
-35.0,-63.0,0.304631
-34.5,-63.0,0.280313
-34.0,-63.0,0.23120643
-33.5,-63.0,0.2492964
-33.0,-63.0,0.2504968
-32.5,-63.0,0.25342596
-39.5,-62.5,0.17111172
-39.0,-62.5,0.14395107
-38.5,-62.5,0.17712264
-38.0,-62.5,0.18654564
-37.5,-62.5,0.23693708
-36.5,-62.5,0.21475339
-35.0,-62.5,0.30803114
-34.5,-62.5,0.2760745
-34.0,-62.5,0.25814992
-33.5,-62.5,0.2875641
-33.0,-62.5,0.24267201
-32.5,-62.5,0.25890785
-32.0,-62.5,0.2255219
-31.5,-62.5,0.23207912
-38.5,-62.0,0.15552472
-38.0,-62.0,0.17433532
-37.5,-62.0,0.2276957
-37.0,-62.0,0.28094578
-36.5,-62.0,0.27647486
-36.0,-62.0,0.32339442
-35.5,-62.0,0.37333232
-35.0,-62.0,0.3558161
-34.5,-62.0,0.3261052
-34.0,-62.0,0.32453457
-33.5,-62.0,0.2962734
-33.0,-62.0,0.2771902
-32.5,-62.0,0.2703565
-32.0,-62.0,0.2566775
-31.5,-62.0,0.2710412
-31.0,-62.0,0.25118238
-30.5,-62.0,0.26492488
-30.0,-62.0,0.2632161
-29.5,-62.0,0.31239876
-29.0,-62.0,0.33725557
-38.5,-61.5,0.1581009
-38.0,-61.5,0.18717057
-37.5,-61.5,0.20243622
-37.0,-61.5,0.21884081
-36.5,-61.5,0.27898225
-36.0,-61.5,0.31636792
-35.5,-61.5,0.38270158
-35.0,-61.5,0.34516302
-34.5,-61.5,0.31798336
-34.0,-61.5,0.32722852
-33.5,-61.5,0.29382
-33.0,-61.5,0.29093432
-32.5,-61.5,0.25335336
-32.0,-61.5,0.29187155
-31.5,-61.5,0.2773707
-31.0,-61.5,0.26854905
-30.5,-61.5,0.27620077
-30.0,-61.5,0.29239544
-29.5,-61.5,0.33727485
-29.0,-61.5,0.32529634
-28.5,-61.5,0.34949332
-38.5,-61.0,0.20375596
-38.0,-61.0,0.19719201
-37.5,-61.0,0.20355913
-37.0,-61.0,0.23386334
-36.5,-61.0,0.27713123
-36.0,-61.0,0.3135367
-35.5,-61.0,0.36107695
-35.0,-61.0,0.36022112
-34.5,-61.0,0.31968644
-34.0,-61.0,0.278677
-33.5,-61.0,0.2887624
-32.5,-61.0,0.29568145
-31.5,-61.0,0.32873335
-31.0,-61.0,0.29910505
-30.5,-61.0,0.32294306
-30.0,-61.0,0.34606513
-29.5,-61.0,0.3817621
-29.0,-61.0,0.34805554
-28.5,-61.0,0.34619385
-27.0,-61.0,0.2848611
-38.5,-60.5,0.21073148
-38.0,-60.5,0.22352657
-37.5,-60.5,0.25155586
-37.0,-60.5,0.2596057
-36.5,-60.5,0.2613333
-36.0,-60.5,0.3133815
-35.5,-60.5,0.33581236
-35.0,-60.5,0.32546702
-34.5,-60.5,0.27553952
-34.0,-60.5,0.24484915
-33.5,-60.5,0.31171876
-32.5,-60.5,0.4020653
-32.0,-60.5,0.2741186
-31.5,-60.5,0.4143585
-31.0,-60.5,0.4041416
-30.5,-60.5,0.40290707
-30.0,-60.5,0.42655656
-29.5,-60.5,0.4229279
-29.0,-60.5,0.4199798
-28.5,-60.5,0.4292541
-27.5,-60.5,0.43740627
-27.0,-60.5,0.35811895
-26.5,-60.5,0.37099913
-38.0,-60.0,0.22861256
-37.5,-60.0,0.23790237
-37.0,-60.0,0.240954
-36.5,-60.0,0.25473115
-36.0,-60.0,0.2962584
-35.5,-60.0,0.31911927
-35.0,-60.0,0.2915249
-34.5,-60.0,0.24946706
-34.0,-60.0,0.29295075
-33.5,-60.0,0.40076315
-32.5,-60.0,0.23682395
-32.0,-60.0,0.20731086
-31.5,-60.0,0.25298032
-30.0,-60.0,0.43173692
-29.5,-60.0,0.33393806
-29.0,-60.0,0.3116334
-28.5,-60.0,0.4609654
-27.0,-60.0,0.48856843
-26.5,-60.0,0.4600151
-23.0,-60.0,0.303179
-38.0,-59.5,0.22844559
-37.5,-59.5,0.24723119
-37.0,-59.5,0.25512913
-36.5,-59.5,0.29227006
-36.0,-59.5,0.3019532
-35.5,-59.5,0.31076843
-35.0,-59.5,0.30865797
-34.5,-59.5,0.25745562
-34.0,-59.5,0.28974476
-33.0,-59.5,0.4181763
-32.5,-59.5,0.25120243
-32.0,-59.5,0.22349294
-31.5,-59.5,0.24253678
-31.0,-59.5,0.31114924
-29.0,-59.5,0.38131496
-28.5,-59.5,0.3968895
-28.0,-59.5,0.52151096
-27.0,-59.5,0.50902915
-26.5,-59.5,0.41537395
-26.0,-59.5,0.34094632
-23.0,-59.5,0.38727814
-22.5,-59.5,0.3187231
-22.0,-59.5,0.24723285
-38.0,-59.0,0.22995439
-37.5,-59.0,0.23292169
-37.0,-59.0,0.27027717
-36.5,-59.0,0.30029985
-36.0,-59.0,0.33086318
-35.5,-59.0,0.34519786
-35.0,-59.0,0.32421443
-34.5,-59.0,0.271815
-33.5,-59.0,0.3447275
-33.0,-59.0,0.27336037
-32.5,-59.0,0.2480664
-32.0,-59.0,0.2480851
-31.5,-59.0,0.31554416
-31.0,-59.0,0.33221823
-30.5,-59.0,0.33855295
-30.0,-59.0,0.42185044
-29.5,-59.0,0.4719006
-28.5,-59.0,0.5115877
-27.5,-59.0,0.4952201
-27.0,-59.0,0.4846702
-26.5,-59.0,0.41701853
-26.0,-59.0,0.42207488
-38.0,-58.5,0.23303777
-37.5,-58.5,0.24045824
-37.0,-58.5,0.26523933
-36.5,-58.5,0.3644718
-36.0,-58.5,0.34324205
-35.5,-58.5,0.30471796
-32.5,-58.5,0.2565791
-32.0,-58.5,0.25241986
-31.5,-58.5,0.3173564
-31.0,-58.5,0.33657965
-30.5,-58.5,0.3647709
-30.0,-58.5,0.4937808
-28.5,-58.5,0.40925062
-28.0,-58.5,0.45472282
-27.5,-58.5,0.5181093
-27.0,-58.5,0.5215073
-26.5,-58.5,0.4543779
-26.0,-58.5,0.4708072
-25.0,-58.5,0.51621336
-18.0,-58.5,0.27783287
-38.0,-58.0,0.21931928
-37.5,-58.0,0.25084543
-37.0,-58.0,0.26153067
-36.5,-58.0,0.37170947
-36.0,-58.0,0.38391283
-35.5,-58.0,0.34473687
-33.5,-58.0,0.27451614
-31.5,-58.0,0.31528676
-30.5,-58.0,0.4290843
-29.0,-58.0,0.43271613
-28.5,-58.0,0.407183
-28.0,-58.0,0.46430174
-27.5,-58.0,0.48020592
-27.0,-58.0,0.49602094
-25.0,-58.0,0.4091105
-21.0,-58.0,0.5090032
-20.0,-58.0,0.29149666
-19.5,-58.0,0.21886696
-17.0,-58.0,0.41044667
-16.5,-58.0,0.29479894
-16.0,-58.0,0.1929926
-15.5,-58.0,0.13359141
-37.5,-57.5,0.28809077
-37.0,-57.5,0.332206
-36.5,-57.5,0.32620886
-35.5,-57.5,0.35538858
-34.0,-57.5,0.28881538
-33.5,-57.5,0.29329643
-33.0,-57.5,0.2473643
-32.5,-57.5,0.27352628
-32.0,-57.5,0.32098764
-31.5,-57.5,0.40916458
-29.5,-57.5,0.4518682
-29.0,-57.5,0.3912502
-28.5,-57.5,0.36130497
-28.0,-57.5,0.43265393
-27.0,-57.5,0.46388552
-26.5,-57.5,0.47147617
-26.0,-57.5,0.3624185
-25.5,-57.5,0.4635029
-25.0,-57.5,0.5158836
-24.5,-57.5,0.47593307
-24.0,-57.5,0.47985756
-23.5,-57.5,0.35995907
-23.0,-57.5,0.33875746
-22.5,-57.5,0.33208457
-22.0,-57.5,0.33570772
-21.5,-57.5,0.38722983
-21.0,-57.5,0.2988163
-20.5,-57.5,0.38269708
-20.0,-57.5,0.34519255
-19.5,-57.5,0.3349797
-19.0,-57.5,0.44822767
-16.5,-57.5,0.39285553
-16.0,-57.5,0.21501708
-15.5,-57.5,0.15659308
-15.0,-57.5,0.1144666
-14.5,-57.5,0.12052258
-14.0,-57.5,0.14784737
-34.0,-57.0,0.30190963
-33.5,-57.0,0.35162875
-32.5,-57.0,0.3343787
-32.0,-57.0,0.43210042
-30.0,-57.0,0.4885246
-29.5,-57.0,0.41180092
-29.0,-57.0,0.45306063
-28.5,-57.0,0.43802565
-27.5,-57.0,0.49263358
-27.0,-57.0,0.3699912
-26.5,-57.0,0.3825678
-26.0,-57.0,0.29412085
-25.5,-57.0,0.24913877
-25.0,-57.0,0.40651506
-24.5,-57.0,0.39175373
-24.0,-57.0,0.2865676
-23.5,-57.0,0.22537051
-23.0,-57.0,0.30702713
-22.5,-57.0,0.32237044
-22.0,-57.0,0.23578855
-21.5,-57.0,0.20331663
-21.0,-57.0,0.21430233
-20.0,-57.0,0.24573696
-19.5,-57.0,0.39277682
-19.0,-57.0,0.36546504
-18.5,-57.0,0.49867353
-18.0,-57.0,0.39539847
-16.5,-57.0,0.5066567
-16.0,-57.0,0.23780161
-15.5,-57.0,0.15863666
-14.5,-57.0,0.12511793
-34.5,-56.5,0.28505975
-34.0,-56.5,0.30713645
-33.5,-56.5,0.3499921
-33.0,-56.5,0.34026012
-32.5,-56.5,0.3739881
-32.0,-56.5,0.4243465
-31.0,-56.5,0.4564533
-30.5,-56.5,0.47035503
-30.0,-56.5,0.45260525
-29.5,-56.5,0.44483757
-29.0,-56.5,0.43877771
-28.5,-56.5,0.509012
-28.0,-56.5,0.47920123
-27.0,-56.5,0.43764973
-26.5,-56.5,0.40612927
-26.0,-56.5,0.29179376
-25.5,-56.5,0.29777017
-25.0,-56.5,0.28660333
-24.5,-56.5,0.23223776
-24.0,-56.5,0.21840131
-23.5,-56.5,0.1615422
-23.0,-56.5,0.24962664
-22.5,-56.5,0.31249052
-22.0,-56.5,0.22145355
-21.5,-56.5,0.1646268
-21.0,-56.5,0.17865853
-20.5,-56.5,0.17468601
-19.5,-56.5,0.34987393
-19.0,-56.5,0.36918455
-18.5,-56.5,0.40886685
-18.0,-56.5,0.2594589
-17.5,-56.5,0.21333037
-16.0,-56.5,0.21183567
-15.5,-56.5,0.14229193
-15.0,-56.5,0.15078448
-14.5,-56.5,0.16299292
-34.5,-56.0,0.2885366
-34.0,-56.0,0.3103116
-33.5,-56.0,0.3756522
-33.0,-56.0,0.41711462
-32.5,-56.0,0.37874055
-32.0,-56.0,0.46522015
-31.5,-56.0,0.44527537
-31.0,-56.0,0.42004532
-30.5,-56.0,0.3987729
-30.0,-56.0,0.38394493
-29.5,-56.0,0.353838
-29.0,-56.0,0.3883131
-28.5,-56.0,0.40985188
-28.0,-56.0,0.41448253
-27.5,-56.0,0.4643971
-27.0,-56.0,0.34431887
-26.5,-56.0,0.3441736
-26.0,-56.0,0.23526493
-25.5,-56.0,0.17900816
-25.0,-56.0,0.17540757
-24.5,-56.0,0.15274838
-24.0,-56.0,0.16542706
-23.5,-56.0,0.16522239
-23.0,-56.0,0.16669272
-22.5,-56.0,0.17735879
-22.0,-56.0,0.16849108
-21.5,-56.0,0.1567842
-21.0,-56.0,0.14753321
-20.5,-56.0,0.16733333
-20.0,-56.0,0.28844726
-19.5,-56.0,0.3887263
-19.0,-56.0,0.3313315
-18.5,-56.0,0.3051145
-18.0,-56.0,0.2907732
-17.5,-56.0,0.28278583
-17.0,-56.0,0.2923574
-16.5,-56.0,0.35405818
-16.0,-56.0,0.25840336
-15.5,-56.0,0.1449783
-15.0,-56.0,0.1560995
-14.5,-56.0,0.1496627
-14.0,-56.0,0.17678094
-13.5,-56.0,0.17664252
-13.0,-56.0,0.19500741
-12.5,-56.0,0.17535616
-12.0,-56.0,0.16719095
-10.0,-56.0,0.15963426
-33.0,-55.5,0.3721186
-32.5,-55.5,0.32148498
-32.0,-55.5,0.43706352
-31.5,-55.5,0.47056037
-31.0,-55.5,0.34918967
-30.5,-55.5,0.31199005
-30.0,-55.5,0.23987466
-29.5,-55.5,0.23132446
-29.0,-55.5,0.29781178
-28.5,-55.5,0.3734536
-28.0,-55.5,0.3429163
-27.0,-55.5,0.2608251
-26.5,-55.5,0.2281819
-26.0,-55.5,0.20833762
-25.5,-55.5,0.24289598
-25.0,-55.5,0.21285202
-23.5,-55.5,0.14393157
-23.0,-55.5,0.1762078
-22.5,-55.5,0.20309402
-22.0,-55.5,0.1744475
-21.5,-55.5,0.20452176
-21.0,-55.5,0.16585428
-20.5,-55.5,0.12533233
-20.0,-55.5,0.18124175
-19.5,-55.5,0.27418706
-19.0,-55.5,0.2485263
-18.5,-55.5,0.29369122
-18.0,-55.5,0.28123945
-17.5,-55.5,0.25860026
-17.0,-55.5,0.24568897
-16.5,-55.5,0.2287852
-16.0,-55.5,0.16222768
-15.5,-55.5,0.1341618
-15.0,-55.5,0.19440553
-14.5,-55.5,0.15135112
-14.0,-55.5,0.1507691
-13.0,-55.5,0.1810414
-12.0,-55.5,0.17055845
-10.5,-55.5,0.1381543
-33.5,-55.0,0.34113878
-33.0,-55.0,0.31380978
-32.5,-55.0,0.3374564
-32.0,-55.0,0.40831596
-31.0,-55.0,0.40452453
-30.5,-55.0,0.32538813
-30.0,-55.0,0.328176
-29.5,-55.0,0.28126997
-29.0,-55.0,0.33198264
-28.5,-55.0,0.3485917
-28.0,-55.0,0.33939457
-26.5,-55.0,0.23593983
-26.0,-55.0,0.22598243
-25.5,-55.0,0.27875134
-25.0,-55.0,0.20081516
-24.5,-55.0,0.16054165
-24.0,-55.0,0.15623169
-23.5,-55.0,0.120106265
-23.0,-55.0,0.15742391
-22.5,-55.0,0.19734089
-22.0,-55.0,0.19782658
-21.5,-55.0,0.18971229
-21.0,-55.0,0.16374859
-20.5,-55.0,0.118024856
-20.0,-55.0,0.083602436
-19.5,-55.0,0.10760561
-19.0,-55.0,0.12627916
-18.5,-55.0,0.19066338
-18.0,-55.0,0.20452742
-17.5,-55.0,0.19330269
-17.0,-55.0,0.16707657
-16.5,-55.0,0.1470493
-16.0,-55.0,0.13120855
-15.5,-55.0,0.13952628
-15.0,-55.0,0.10055324
-14.5,-55.0,0.13062671
-14.0,-55.0,0.1341009
-13.5,-55.0,0.16011137
-10.5,-55.0,0.1426138
-10.0,-55.0,0.1920003
-33.5,-54.5,0.3925341
-33.0,-54.5,0.2897413
-32.5,-54.5,0.36212265
-32.0,-54.5,0.3602783
-31.5,-54.5,0.41503096
-31.0,-54.5,0.36481494
-30.5,-54.5,0.3324024
-30.0,-54.5,0.30648872
-29.5,-54.5,0.33291498
-29.0,-54.5,0.29173324
-28.5,-54.5,0.29043186
-28.0,-54.5,0.3019964
-27.5,-54.5,0.33887583
-25.0,-54.5,0.35568735
-24.5,-54.5,0.20266554
-24.0,-54.5,0.15573843
-23.5,-54.5,0.1359634
-23.0,-54.5,0.13005872
-22.5,-54.5,0.17732477
-22.0,-54.5,0.20614693
-21.5,-54.5,0.16225415
-21.0,-54.5,0.11412728
-20.5,-54.5,0.10886044
-20.0,-54.5,0.08443703
-19.5,-54.5,0.079679295
-19.0,-54.5,0.07309471
-18.5,-54.5,0.06813963
-18.0,-54.5,0.075283974
-17.5,-54.5,0.09592835
-17.0,-54.5,0.118701436
-16.5,-54.5,0.106652305
-16.0,-54.5,0.11230539
-15.5,-54.5,0.12823667
-15.0,-54.5,0.084703386
-14.5,-54.5,0.11367023
-14.0,-54.5,0.13218331
-32.5,-54.0,0.22192606
-32.0,-54.0,0.2355025
-31.5,-54.0,0.27995223
-31.0,-54.0,0.25716236
-30.5,-54.0,0.2587498
-30.0,-54.0,0.34009892
-29.5,-54.0,0.2978509
-29.0,-54.0,0.28076848
-28.5,-54.0,0.29312748
-28.0,-54.0,0.2877217
-27.5,-54.0,0.27657843
-25.0,-54.0,0.2547422
-24.5,-54.0,0.25298363
-23.0,-54.0,0.14446083
-22.5,-54.0,0.12038252
-22.0,-54.0,0.12283044
-21.5,-54.0,0.08114985
-21.0,-54.0,0.06027794
-20.5,-54.0,0.062286206
-20.0,-54.0,0.05364223
-19.5,-54.0,0.04655042
-19.0,-54.0,0.047874324
-18.5,-54.0,0.034124993
-18.0,-54.0,0.041884862
-17.5,-54.0,0.05737627
-17.0,-54.0,0.09506844
-16.5,-54.0,0.101234004
-16.0,-54.0,0.10051895
-15.5,-54.0,0.14429536
-15.0,-54.0,0.14712547
-14.5,-54.0,0.10051766
-14.0,-54.0,0.127104
-32.5,-53.5,0.2016293
-32.0,-53.5,0.19177349
-31.5,-53.5,0.21375561
-31.0,-53.5,0.2607285
-30.5,-53.5,0.28306562
-30.0,-53.5,0.38164905
-29.5,-53.5,0.3034072
-29.0,-53.5,0.2863727
-28.5,-53.5,0.28429377
-28.0,-53.5,0.24483098
-27.5,-53.5,0.2754326
-27.0,-53.5,0.28434148
-26.0,-53.5,0.25885046
-25.0,-53.5,0.23137382
-24.5,-53.5,0.23413867
-24.0,-53.5,0.14658365
-23.5,-53.5,0.17827842
-23.0,-53.5,0.24537921
-22.5,-53.5,0.1788938
-22.0,-53.5,0.09341903
-21.5,-53.5,0.06573953
-21.0,-53.5,0.0612481
-20.5,-53.5,0.059300624
-20.0,-53.5,0.040781848
-19.5,-53.5,0.034195468
-19.0,-53.5,0.0344488
-18.5,-53.5,0.042999864
-18.0,-53.5,0.04999139
-17.5,-53.5,0.05969739
-17.0,-53.5,0.07898852
-16.5,-53.5,0.092691794
-16.0,-53.5,0.105523765
-15.5,-53.5,0.114010364
-15.0,-53.5,0.1375197
-14.5,-53.5,0.10335782
-14.0,-53.5,0.13493328
-32.5,-53.0,0.20226811
-32.0,-53.0,0.23533121
-31.5,-53.0,0.2203493
-31.0,-53.0,0.2436201
-30.5,-53.0,0.30608767
-30.0,-53.0,0.39416164
-29.0,-53.0,0.30973634
-28.5,-53.0,0.28035852
-28.0,-53.0,0.2697586
-27.5,-53.0,0.30300146
-27.0,-53.0,0.29362243
-26.5,-53.0,0.29021978
-26.0,-53.0,0.27501857
-25.0,-53.0,0.26444954
-24.5,-53.0,0.25698873
-24.0,-53.0,0.15567906
-23.5,-53.0,0.1392866
-23.0,-53.0,0.13531709
-22.5,-53.0,0.2185845
-22.0,-53.0,0.14151034
-21.5,-53.0,0.06415616
-21.0,-53.0,0.061100893
-20.5,-53.0,0.041249678
-20.0,-53.0,0.05203253
-19.5,-53.0,0.044663034
-19.0,-53.0,0.06413988
-18.5,-53.0,0.12666121
-18.0,-53.0,0.14103436
-17.5,-53.0,0.091662966
-17.0,-53.0,0.09065479
-16.5,-53.0,0.113334134
-16.0,-53.0,0.096544534
-15.5,-53.0,0.09265473
-15.0,-53.0,0.10261275
-14.5,-53.0,0.1206721
-14.0,-53.0,0.13940398
-13.5,-53.0,0.13088307
-31.5,-52.5,0.23164201
-31.0,-52.5,0.24878858
-30.0,-52.5,0.35071218
-28.5,-52.5,0.28348434
-28.0,-52.5,0.27595884
-27.5,-52.5,0.30175883
-27.0,-52.5,0.2757561
-26.5,-52.5,0.2719319
-26.0,-52.5,0.30120283
-25.0,-52.5,0.28077355
-24.5,-52.5,0.24553256
-24.0,-52.5,0.22208108
-23.5,-52.5,0.17602766
-23.0,-52.5,0.10977247
-22.5,-52.5,0.27283224
-21.5,-52.5,0.14364815
-21.0,-52.5,0.072950244
-20.5,-52.5,0.05187811
-20.0,-52.5,0.043906793
-19.5,-52.5,0.04503864
-19.0,-52.5,0.05986531
-18.5,-52.5,0.11679872
-18.0,-52.5,0.08530762
-17.5,-52.5,0.13173093
-17.0,-52.5,0.084386185
-16.5,-52.5,0.10279455
-16.0,-52.5,0.107003614
-15.5,-52.5,0.11674803
-15.0,-52.5,0.111391015
-14.5,-52.5,0.116435185
-14.0,-52.5,0.1303054
-13.5,-52.5,0.13419373
-31.0,-52.0,0.3129362
-30.5,-52.0,0.2612815
-30.0,-52.0,0.32941878
-29.5,-52.0,0.3793072
-28.5,-52.0,0.27209574
-28.0,-52.0,0.27483016
-27.5,-52.0,0.30625433
-25.5,-52.0,0.29919842
-25.0,-52.0,0.26446447
-24.5,-52.0,0.2565628
-24.0,-52.0,0.2561896
-23.5,-52.0,0.23989078
-23.0,-52.0,0.1284484
-22.5,-52.0,0.1535928
-22.0,-52.0,0.17389429
-21.0,-52.0,0.14224663
-20.5,-52.0,0.08810204
-20.0,-52.0,0.05581831
-19.5,-52.0,0.038599476
-19.0,-52.0,0.040852744
-18.5,-52.0,0.08461847
-18.0,-52.0,0.13329539
-17.5,-52.0,0.14529589
-17.0,-52.0,0.09633105
-16.5,-52.0,0.108904205
-16.0,-52.0,0.11266712
-15.5,-52.0,0.09504697
-15.0,-52.0,0.12588187
-14.5,-52.0,0.13676232
-14.0,-52.0,0.12174727
-13.5,-52.0,0.12043129
-13.0,-52.0,0.124408595
-10.5,-52.0,0.15109909
-30.5,-51.5,0.2822293
-28.5,-51.5,0.27712
-28.0,-51.5,0.28028822
-27.5,-51.5,0.29826057
-25.5,-51.5,0.25953528
-25.0,-51.5,0.26527566
-24.5,-51.5,0.25007442
-24.0,-51.5,0.26200902
-23.5,-51.5,0.23731709
-23.0,-51.5,0.18483555
-22.5,-51.5,0.14189783
-22.0,-51.5,0.16735074
-21.5,-51.5,0.15780403
-21.0,-51.5,0.16072612
-20.5,-51.5,0.10601907
-20.0,-51.5,0.10101168
-19.5,-51.5,0.05783555
-19.0,-51.5,0.0630043
-18.5,-51.5,0.06790848
-18.0,-51.5,0.086930856
-17.5,-51.5,0.16663335
-17.0,-51.5,0.113896176
-16.5,-51.5,0.11904967
-16.0,-51.5,0.12302651
-15.5,-51.5,0.16602582
-15.0,-51.5,0.25031188
-14.5,-51.5,0.24513522
-14.0,-51.5,0.2126942
-13.5,-51.5,0.22447369
-13.0,-51.5,0.19091547
-12.5,-51.5,0.1921224
-12.0,-51.5,0.13785686
-11.5,-51.5,0.20036758
-11.0,-51.5,0.27960503
-10.5,-51.5,0.15579589
-10.0,-51.5,0.15362099
-6.5,-51.5,0.17564851
-28.5,-51.0,0.26598376
-23.5,-51.0,0.2540672
-23.0,-51.0,0.34322304
-22.5,-51.0,0.14189373
-22.0,-51.0,0.1474206
-21.5,-51.0,0.1428515
-21.0,-51.0,0.13637562
-19.0,-51.0,0.103593
-18.5,-51.0,0.09285181
-18.0,-51.0,0.10595139
-17.5,-51.0,0.15856609
-17.0,-51.0,0.11095069
-16.5,-51.0,0.117130704
-16.0,-51.0,0.11842127
-15.5,-51.0,0.13839915
-15.0,-51.0,0.19055676
-14.5,-51.0,0.22599709
-14.0,-51.0,0.23788348
-13.5,-51.0,0.24468018
-13.0,-51.0,0.26275328
-12.5,-51.0,0.30746788
-12.0,-51.0,0.29537123
-11.5,-51.0,0.33766496
-11.0,-51.0,0.3687346
-10.0,-51.0,0.1532637
-9.5,-51.0,0.13217536
0.5,-51.0,0.43540007
-23.5,-50.5,0.24425475
-23.0,-50.5,0.298225
-22.5,-50.5,0.13355264
-22.0,-50.5,0.1347807
-21.5,-50.5,0.15653922
-21.0,-50.5,0.1740261
-20.5,-50.5,0.13686381
-20.0,-50.5,0.1736601
-19.5,-50.5,0.13449346
-19.0,-50.5,0.16609934
-18.5,-50.5,0.13863766
-18.0,-50.5,0.1562431
-17.5,-50.5,0.17707992
-17.0,-50.5,0.12393889
-16.5,-50.5,0.13565718
-16.0,-50.5,0.119348586
-15.5,-50.5,0.11576475
-15.0,-50.5,0.110824
-14.5,-50.5,0.13035884
-14.0,-50.5,0.13604897
-13.5,-50.5,0.19337441
-13.0,-50.5,0.2805187
-12.5,-50.5,0.31578133
-12.0,-50.5,0.34259707
-11.0,-50.5,0.3651144
-9.0,-50.5,0.120875284
-8.5,-50.5,0.12514019
-8.0,-50.5,0.13312885
-7.0,-50.5,0.15944596
-25.0,-50.0,0.25082347
-23.5,-50.0,0.23583598
-23.0,-50.0,0.23758371
-22.5,-50.0,0.13500482
-22.0,-50.0,0.13740322
-21.5,-50.0,0.172836
-21.0,-50.0,0.14831401
-20.5,-50.0,0.10996525
-19.5,-50.0,0.110344306
-19.0,-50.0,0.1364593
-18.0,-50.0,0.18903154
-17.5,-50.0,0.17173432
-17.0,-50.0,0.14842221
-16.5,-50.0,0.15854567
-16.0,-50.0,0.14782731
-15.5,-50.0,0.1312248
-15.0,-50.0,0.11582342
-14.5,-50.0,0.11259943
-14.0,-50.0,0.12310149
-13.5,-50.0,0.13516326
-13.0,-50.0,0.12823641
-12.5,-50.0,0.21309152
-12.0,-50.0,0.33974007
-11.5,-50.0,0.35873774
-10.5,-50.0,0.34797177
-10.0,-50.0,0.2710967
-9.0,-50.0,0.18519488
-8.5,-50.0,0.13314648
-8.0,-50.0,0.09025455
-7.5,-50.0,0.11469699
-7.0,-50.0,0.11883066
-6.5,-50.0,0.11441587
-22.5,-49.5,0.14251338
-22.0,-49.5,0.1441166
-20.5,-49.5,0.1182183
-19.5,-49.5,0.1037648
-19.0,-49.5,0.123791665
-18.0,-49.5,0.16983089
-17.5,-49.5,0.14230803
-17.0,-49.5,0.15174912
-16.5,-49.5,0.16116683
-16.0,-49.5,0.17081213
-15.5,-49.5,0.14943123
-15.0,-49.5,0.12511973
-14.5,-49.5,0.13353996
-14.0,-49.5,0.13283427
-13.5,-49.5,0.1248824
-13.0,-49.5,0.1242329
-12.5,-49.5,0.1312941
-12.0,-49.5,0.18463802
-11.5,-49.5,0.2188691
-11.0,-49.5,0.21878922
-10.5,-49.5,0.21706349
-10.0,-49.5,0.15879089
-9.5,-49.5,0.13071737
-9.0,-49.5,0.16821995
-8.5,-49.5,0.17374964
-8.0,-49.5,0.1404908
-7.5,-49.5,0.15835433
-7.0,-49.5,0.13517089
-6.5,-49.5,0.12457031
-6.0,-49.5,0.12384597
-20.5,-49.0,0.13283378
-20.0,-49.0,0.17822112
-19.5,-49.0,0.08605082
-19.0,-49.0,0.097006395
-18.0,-49.0,0.17041737
-17.5,-49.0,0.16231999
-17.0,-49.0,0.1431827
-16.5,-49.0,0.14310662
-16.0,-49.0,0.14004278
-15.5,-49.0,0.14978245
-15.0,-49.0,0.14938262
-14.5,-49.0,0.13840236
-14.0,-49.0,0.15009373
-13.5,-49.0,0.1302527
-13.0,-49.0,0.12918358
-12.5,-49.0,0.124792665
-12.0,-49.0,0.114255816
-11.5,-49.0,0.12420837
-11.0,-49.0,0.12978117
-10.5,-49.0,0.13955611
-10.0,-49.0,0.13681918
-9.5,-49.0,0.12672505
-9.0,-49.0,0.12110087
-8.5,-49.0,0.13120823
-8.0,-49.0,0.14793043
-7.5,-49.0,0.16094877
-6.5,-49.0,0.12987036
-6.0,-49.0,0.13513231
-5.5,-49.0,0.19780868
-4.5,-49.0,0.24096026
-19.0,-48.5,0.11475662
-18.5,-48.5,0.2608364
-18.0,-48.5,0.1569992
-17.5,-48.5,0.15717146
-17.0,-48.5,0.16088904
-16.5,-48.5,0.18424514
-16.0,-48.5,0.16939348
-15.5,-48.5,0.14535117
-15.0,-48.5,0.15031752
-14.5,-48.5,0.1711844
-14.0,-48.5,0.18973634
-13.5,-48.5,0.18850578
-13.0,-48.5,0.16331881
-12.5,-48.5,0.16702233
-12.0,-48.5,0.1301188
-11.5,-48.5,0.13367644
-11.0,-48.5,0.14122264
-10.5,-48.5,0.21097115
-10.0,-48.5,0.20124447
-9.5,-48.5,0.13086566
-9.0,-48.5,0.10951774
-8.5,-48.5,0.093945056
-8.0,-48.5,0.087192446
-7.5,-48.5,0.07806731
-7.0,-48.5,0.099073276
-6.5,-48.5,0.13990939
-6.0,-48.5,0.14950554
-5.5,-48.5,0.1747086
-5.0,-48.5,0.20635507
-14.5,-48.0,0.1518125
-14.0,-48.0,0.17371166
-13.5,-48.0,0.18756048
-13.0,-48.0,0.16427194
-12.5,-48.0,0.15381415
-12.0,-48.0,0.11816376
-11.5,-48.0,0.10949953
-11.0,-48.0,0.113497466
-10.5,-48.0,0.13991323
-10.0,-48.0,0.119109035
-9.5,-48.0,0.11767314
-9.0,-48.0,0.1231624
-8.5,-48.0,0.12108804
-8.0,-48.0,0.11859955
-7.5,-48.0,0.09349529
-7.0,-48.0,0.10629008
-6.5,-48.0,0.09575629
-6.0,-48.0,0.12203485
-5.5,-48.0,0.1328231
-5.0,-48.0,0.13295709
-13.0,-47.5,0.113919765
-12.5,-47.5,0.10298469
-12.0,-47.5,0.10334943
-11.5,-47.5,0.11616956
-11.0,-47.5,0.11323446
-10.5,-47.5,0.103226826
-10.0,-47.5,0.08073951
-9.5,-47.5,0.0947328
-9.0,-47.5,0.102408364
-8.5,-47.5,0.07578969
-8.0,-47.5,0.09352634
-7.5,-47.5,0.17752068
-7.0,-47.5,0.19550782
-6.5,-47.5,0.12661897
-6.0,-47.5,0.11533423
-5.5,-47.5,0.12973216
-5.0,-47.5,0.12791154
-1.5,-47.5,0.24335586
-11.0,-47.0,0.075303815
-10.5,-47.0,0.05432132
-10.0,-47.0,0.06065429
-9.5,-47.0,0.06868716
-9.0,-47.0,0.08197528
-8.5,-47.0,0.085350245
-8.0,-47.0,0.087570965
-7.5,-47.0,0.090718426
-7.0,-47.0,0.07935954
-6.5,-47.0,0.11002814
-6.0,-47.0,0.11645998
-5.5,-47.0,0.0976488
-5.0,-47.0,0.10814684
-4.5,-47.0,0.14752553
-2.0,-47.0,0.22119266
-1.5,-47.0,0.25995505
-7.0,-46.5,0.08009228
-6.5,-46.5,0.08115685
-6.0,-46.5,0.1013076
-5.5,-46.5,0.11562134
-4.5,-46.5,0.15766424
-5.5,-46.0,0.12462996
-2.0,-46.0,0.29657242
-4.0,-45.5,0.17141604
-3.5,-45.5,0.19793536
-3.0,-45.5,0.188672
-2.5,-45.5,0.30979428
-2.0,-45.5,0.32404542
21.0,-16.5,0.056633648
21.5,-16.5,0.05839167
19.5,-16.0,0.04375567
20.0,-16.0,0.041009247
20.5,-16.0,0.04059024
21.0,-16.0,0.041998
21.5,-16.0,0.043797217
22.0,-16.0,0.048002675
22.5,-16.0,0.044282578
23.0,-16.0,0.046396352
21.0,-15.5,0.042536847
21.5,-15.5,0.047655236
22.0,-15.5,0.058666673
22.5,-15.5,0.04668046
23.0,-15.5,0.040765576
23.5,-15.5,0.04861985
22.0,-15.0,0.060618717
22.5,-15.0,0.057465266
23.0,-15.0,0.040543426
23.5,-15.0,0.04528796
24.0,-15.0,0.049607404
24.5,-15.0,0.049599167
25.0,-14.5,0.06531307
26.0,-14.0,0.14775224
-23.0,44.0,0.15663251
-22.5,44.0,0.12746882
-22.0,44.0,0.117835365
-21.5,44.0,0.1549065
-25.0,44.5,0.11020124
-24.5,44.5,0.13693619
-24.0,44.5,0.1601699
-23.5,44.5,0.15737934
-23.0,44.5,0.12830502
-22.5,44.5,0.10673234
-22.0,44.5,0.10118419
-21.5,44.5,0.090420246
-21.0,44.5,0.0845572
-20.5,44.5,0.09375916
-19.0,44.5,0.1836447
-18.5,44.5,0.18930404
-18.0,44.5,0.12617597
-17.5,44.5,0.10523231
-17.0,44.5,0.11091753
2.0,44.5,0.16285817
2.5,44.5,0.1992028
3.0,44.5,0.23800045
-25.0,45.0,0.124887824
-24.5,45.0,0.15910682
-24.0,45.0,0.16276391
-23.5,45.0,0.13631645
-23.0,45.0,0.06488767
-22.5,45.0,0.06560646
-22.0,45.0,0.09096053
-21.5,45.0,0.09268784
-21.0,45.0,0.08668597
-20.5,45.0,0.12827976
-20.0,45.0,0.17389944
-19.5,45.0,0.18644947
-19.0,45.0,0.1667772
-18.5,45.0,0.115433425
-18.0,45.0,0.094846934
-17.5,45.0,0.1289441
-17.0,45.0,0.14426214
-16.5,45.0,0.16931826
2.5,45.0,0.1526214
3.0,45.0,0.1977938
3.5,45.0,0.17606142
4.0,45.0,0.13836351
4.5,45.0,0.11267884
5.0,45.0,0.14215228
-25.0,45.5,0.16161557
-24.5,45.5,0.1896179
-24.0,45.5,0.19429427
-23.5,45.5,0.1368635
-23.0,45.5,0.12149269
-22.5,45.5,0.12806766
-22.0,45.5,0.13121016
-21.5,45.5,0.13369311
-21.0,45.5,0.12203653
-20.5,45.5,0.1313858
-20.0,45.5,0.15147799
-19.5,45.5,0.1541584
-19.0,45.5,0.14950575
-18.5,45.5,0.13628463
-18.0,45.5,0.14235583
-17.5,45.5,0.11114085
-17.0,45.5,0.123306304
-16.5,45.5,0.14147061
2.5,45.5,0.118529215
3.0,45.5,0.14656542
3.5,45.5,0.1282539
4.0,45.5,0.103570536
4.5,45.5,0.100419156
5.0,45.5,0.09666382
5.5,45.5,0.08943492
6.0,45.5,0.070872895
6.5,45.5,0.06479239
7.0,45.5,0.06820438
7.5,45.5,0.1200131
8.0,45.5,0.1133949
8.5,45.5,0.15161616
-25.0,46.0,0.20667613
-24.5,46.0,0.23348385
-24.0,46.0,0.23762377
-23.5,46.0,0.17180848
-23.0,46.0,0.15401712
-22.5,46.0,0.150195
-22.0,46.0,0.14469033
-21.5,46.0,0.1395247
-21.0,46.0,0.116923764
-20.5,46.0,0.13147822
-20.0,46.0,0.115548626
-19.5,46.0,0.14823529
-19.0,46.0,0.13818187
-18.5,46.0,0.13601351
-18.0,46.0,0.15705648
-17.5,46.0,0.12934366
-17.0,46.0,0.11630216
-16.5,46.0,0.14393413
3.0,46.0,0.05969838
3.5,46.0,0.069564775
4.0,46.0,0.073166415
4.5,46.0,0.10245937
5.0,46.0,0.11261051
5.5,46.0,0.106493264
6.0,46.0,0.073074505
6.5,46.0,0.063471764
7.0,46.0,0.08269212
7.5,46.0,0.13438796
8.0,46.0,0.11156334
8.5,46.0,0.14377227
9.0,46.0,0.19680803
9.5,46.0,0.19478007
10.0,46.0,0.16398823
10.5,46.0,0.1490427
-24.5,46.5,0.17997122
-24.0,46.5,0.21313201
-23.5,46.5,0.29592186
-23.0,46.5,0.25020346
-22.5,46.5,0.19597226
-22.0,46.5,0.17647772
-21.5,46.5,0.13087979
-21.0,46.5,0.12344761
-20.5,46.5,0.13038561
-20.0,46.5,0.13347334
-19.5,46.5,0.1701284
-19.0,46.5,0.15780771
-18.5,46.5,0.12662047
-18.0,46.5,0.12503803
-17.5,46.5,0.10737841
-17.0,46.5,0.12228955
-16.5,46.5,0.16342206
-16.0,46.5,0.21682897
3.5,46.5,0.06151758
4.0,46.5,0.08002028
4.5,46.5,0.09621189
5.0,46.5,0.08104074
5.5,46.5,0.070613205
6.0,46.5,0.05609391
6.5,46.5,0.062225204
7.0,46.5,0.082261674
7.5,46.5,0.13570952
8.0,46.5,0.12596405
8.5,46.5,0.14129184
9.0,46.5,0.2927257
9.5,46.5,0.27445006
10.0,46.5,0.18467745
10.5,46.5,0.12827513
-23.0,47.0,0.3241731
-22.0,47.0,0.27349636
-21.5,47.0,0.23569323
-21.0,47.0,0.20767039
-20.5,47.0,0.25878572
-20.0,47.0,0.24338225
-19.5,47.0,0.2552683
-19.0,47.0,0.19418828
-18.5,47.0,0.14441772
-18.0,47.0,0.12251106
-17.5,47.0,0.115874976
-17.0,47.0,0.1192717
-16.5,47.0,0.10440425
-16.0,47.0,0.14299315
4.0,47.0,0.10079597
4.5,47.0,0.08129089
5.0,47.0,0.0772625
5.5,47.0,0.060047336
6.0,47.0,0.05919563
6.5,47.0,0.08440603
7.0,47.0,0.0777854
7.5,47.0,0.101876
8.0,47.0,0.17196123
8.5,47.0,0.17220068
9.0,47.0,0.3086895
9.5,47.0,0.34474885
10.0,47.0,0.3330572
10.5,47.0,0.23538455
14.0,47.0,0.15000246
14.5,47.0,0.14562514
15.0,47.0,0.12258566
15.5,47.0,0.09207229
16.0,47.0,0.04734256
-22.0,47.5,0.3055242
-19.5,47.5,0.3020153
-19.0,47.5,0.254719
-18.5,47.5,0.19574234
-18.0,47.5,0.17273945
-17.5,47.5,0.13594845
-17.0,47.5,0.122304626
-16.5,47.5,0.11241973
-16.0,47.5,0.12828776
-15.5,47.5,0.14977548
4.5,47.5,0.070254155
5.0,47.5,0.07287499
5.5,47.5,0.07478033
6.0,47.5,0.07090016
6.5,47.5,0.046001777
7.0,47.5,0.07664853
7.5,47.5,0.1042655
8.0,47.5,0.1315113
8.5,47.5,0.20230743
9.0,47.5,0.3633378
9.5,47.5,0.432309
10.0,47.5,0.31974393
10.5,47.5,0.19547635
14.5,47.5,0.13047874
15.0,47.5,0.12264475
15.5,47.5,0.09891847
16.0,47.5,0.0726394
16.5,47.5,0.06249438
17.0,47.5,0.038714863
17.5,47.5,0.034921832
18.0,47.5,0.038175773
-18.0,48.0,0.277191
-17.5,48.0,0.18323973
-17.0,48.0,0.13457502
-16.5,48.0,0.10307286
-16.0,48.0,0.11624743
-15.5,48.0,0.105179
-15.0,48.0,0.14232087
5.0,48.0,0.054780766
5.5,48.0,0.067453824
6.0,48.0,0.06020816
6.5,48.0,0.03614065
7.0,48.0,0.08206569
7.5,48.0,0.10439076
8.0,48.0,0.12400037
8.5,48.0,0.18359625
9.0,48.0,0.31117737
9.5,48.0,0.3422709
10.0,48.0,0.2951179
10.5,48.0,0.22084591
14.5,48.0,0.12620743
15.0,48.0,0.11736283
15.5,48.0,0.1080506
16.0,48.0,0.100464545
16.5,48.0,0.10019487
17.0,48.0,0.057565697
17.5,48.0,0.038076825
18.0,48.0,0.03484735
18.5,48.0,0.036475174
19.0,48.0,0.037603073
19.5,48.0,0.039145753
20.0,48.0,0.036734805
-18.0,48.5,0.29106137
-17.5,48.5,0.22694084
-17.0,48.5,0.16733873
-16.5,48.5,0.11518509
-16.0,48.5,0.13064432
-15.5,48.5,0.14789632
-15.0,48.5,0.19165018
-14.5,48.5,0.20245652
6.0,48.5,0.065551445
6.5,48.5,0.05690608
7.0,48.5,0.07189971
7.5,48.5,0.10316148
8.0,48.5,0.108497135
8.5,48.5,0.16083898
9.0,48.5,0.25665593
9.5,48.5,0.29260138
10.0,48.5,0.26377717
10.5,48.5,0.22159822
11.0,48.5,0.24958813
14.5,48.5,0.15009628
15.0,48.5,0.1385246
15.5,48.5,0.11461367
16.0,48.5,0.11093573
16.5,48.5,0.10390067
17.0,48.5,0.10549854
17.5,48.5,0.06927096
18.0,48.5,0.035359584
18.5,48.5,0.03498383
19.0,48.5,0.03720892
19.5,48.5,0.038583048
20.0,48.5,0.045388304
20.5,48.5,0.042526707
21.0,48.5,0.04446678
21.5,48.5,0.039110586
22.0,48.5,0.045621403
22.5,48.5,0.05080922
23.0,48.5,0.051387183
23.5,48.5,0.042879045
-13.5,49.0,0.16259378
7.0,49.0,0.073407166
7.5,49.0,0.08309484
8.0,49.0,0.11093968
8.5,49.0,0.13329484
9.0,49.0,0.14871281
9.5,49.0,0.16239591
10.0,49.0,0.17999431
10.5,49.0,0.13734496
11.0,49.0,0.1943304
15.0,49.0,0.13905312
15.5,49.0,0.114494696
16.0,49.0,0.13602805
16.5,49.0,0.09891881
17.0,49.0,0.08807738
17.5,49.0,0.08576701
18.0,49.0,0.04386647
18.5,49.0,0.03543336
19.0,49.0,0.038278613
19.5,49.0,0.043267637
20.0,49.0,0.040967885
20.5,49.0,0.042598262
21.0,49.0,0.045504883
21.5,49.0,0.040716995
22.0,49.0,0.04588512
22.5,49.0,0.043656446
23.0,49.0,0.041726194
23.5,49.0,0.040745012
24.0,49.0,0.045590885
24.5,49.0,0.057090025
25.0,49.0,0.055719715
25.5,49.0,0.055581983
-13.0,49.5,0.11158651
8.0,49.5,0.113071345
8.5,49.5,0.11612508
9.0,49.5,0.12247799
9.5,49.5,0.11787568
10.0,49.5,0.14038157
10.5,49.5,0.18010598
11.0,49.5,0.26345828
15.0,49.5,0.15510742
15.5,49.5,0.13505009
16.0,49.5,0.14406714
16.5,49.5,0.10745089
17.0,49.5,0.086982444
17.5,49.5,0.07634185
18.0,49.5,0.046112016
18.5,49.5,0.03767503
19.0,49.5,0.03923245
19.5,49.5,0.039458923
20.0,49.5,0.03901638
20.5,49.5,0.040357687
21.0,49.5,0.043745507
21.5,49.5,0.046219144
22.0,49.5,0.047045853
22.5,49.5,0.04035911
23.0,49.5,0.0373649
23.5,49.5,0.042257436
24.0,49.5,0.039254706
24.5,49.5,0.044370815
25.0,49.5,0.052146688
25.5,49.5,0.06302389
26.0,49.5,0.048846297
26.5,49.5,0.052668326
27.0,49.5,0.09282868
8.5,50.0,0.106189825
9.0,50.0,0.099912174
9.5,50.0,0.09023495
10.0,50.0,0.11386436
10.5,50.0,0.17444716
11.0,50.0,0.2111435
15.5,50.0,0.16206071
16.0,50.0,0.13021189
16.5,50.0,0.10541998
17.0,50.0,0.08429916
17.5,50.0,0.070844546
18.0,50.0,0.05320339
18.5,50.0,0.038224325
19.0,50.0,0.035974223
19.5,50.0,0.03888325
20.0,50.0,0.040942088
20.5,50.0,0.043880727
21.0,50.0,0.04605547
21.5,50.0,0.04657197
22.0,50.0,0.048833214
22.5,50.0,0.04368639
23.0,50.0,0.043584112
23.5,50.0,0.045769177
24.0,50.0,0.044460226
24.5,50.0,0.045533087
25.0,50.0,0.051504474
25.5,50.0,0.08519294
30.5,50.0,0.12829953
10.5,50.5,0.111831464
11.0,50.5,0.14692597
11.5,50.5,0.17739733
15.5,50.5,0.13702375
16.0,50.5,0.118107334
16.5,50.5,0.08125142
17.0,50.5,0.083474696
17.5,50.5,0.0880838
18.0,50.5,0.06770529
18.5,50.5,0.047665272
19.0,50.5,0.0364407
19.5,50.5,0.037026554
20.0,50.5,0.043806415
20.5,50.5,0.04190769
21.0,50.5,0.045721434
21.5,50.5,0.046174068
22.0,50.5,0.04746612
22.5,50.5,0.046384044
23.0,50.5,0.047028355
23.5,50.5,0.046372704
24.0,50.5,0.04961071
24.5,50.5,0.05545323
30.5,50.5,0.1229455
31.5,50.5,0.1445679
32.5,50.5,0.11670697
15.5,51.0,0.13869558
16.0,51.0,0.11650632
16.5,51.0,0.09186142
17.0,51.0,0.09803218
17.5,51.0,0.08992611
18.0,51.0,0.06553559
18.5,51.0,0.04841333
19.0,51.0,0.038873702
19.5,51.0,0.039869174
20.0,51.0,0.03947405
20.5,51.0,0.04444839
21.0,51.0,0.042599257
21.5,51.0,0.047673132
22.0,51.0,0.04688922
22.5,51.0,0.045715593
23.0,51.0,0.046834126
23.5,51.0,0.04774967
24.0,51.0,0.056834362
24.5,51.0,0.07733269
29.5,51.0,0.120194875
30.0,51.0,0.1142712
30.5,51.0,0.1279183
32.0,51.0,0.12904139
32.5,51.0,0.07264792
33.0,51.0,0.08075699
33.5,51.0,0.08336511
34.0,51.0,0.09070971
34.5,51.0,0.10048144
15.5,51.5,0.13791162
16.0,51.5,0.10971869
16.5,51.5,0.09835488
17.0,51.5,0.089889735
17.5,51.5,0.08172414
18.0,51.5,0.06850874
18.5,51.5,0.04959177
19.0,51.5,0.04095468
19.5,51.5,0.040535457
20.0,51.5,0.039645754
20.5,51.5,0.042356126
21.0,51.5,0.04268436
21.5,51.5,0.044276252
22.0,51.5,0.046858348
22.5,51.5,0.043058112
23.0,51.5,0.046048816
23.5,51.5,0.052805044
24.0,51.5,0.072381444
28.5,51.5,0.13857114
29.0,51.5,0.11630371
29.5,51.5,0.12213858
30.0,51.5,0.12279325
30.5,51.5,0.13830967
31.0,51.5,0.11705655
31.5,51.5,0.11937104
32.0,51.5,0.11102228
32.5,51.5,0.108940154
33.0,51.5,0.08500275
33.5,51.5,0.08726537
34.0,51.5,0.05700851
34.5,51.5,0.25439793
35.0,51.5,0.1871993
35.5,51.5,0.113346994
16.5,52.0,0.10793051
17.0,52.0,0.093366675
17.5,52.0,0.080983125
18.0,52.0,0.061235845
18.5,52.0,0.06276673
19.0,52.0,0.040576335
19.5,52.0,0.04537122
20.0,52.0,0.043511197
20.5,52.0,0.04301528
21.0,52.0,0.046139285
21.5,52.0,0.043892942
22.0,52.0,0.04357348
22.5,52.0,0.044793952
23.0,52.0,0.051784597
23.5,52.0,0.05481764
28.5,52.0,0.120969124
29.0,52.0,0.110944316
29.5,52.0,0.12470367
30.0,52.0,0.12830381
30.5,52.0,0.14037526
31.5,52.0,0.10901441
32.0,52.0,0.09999794
32.5,52.0,0.09220643
33.0,52.0,0.07891884
33.5,52.0,0.07180873
34.0,52.0,0.06509168
34.5,52.0,0.2654909
35.0,52.0,0.178243
35.5,52.0,0.120457225
17.0,52.5,0.10643762
17.5,52.5,0.08750871
18.0,52.5,0.059297852
18.5,52.5,0.053753912
19.0,52.5,0.04408194
19.5,52.5,0.04025057
20.0,52.5,0.04169242
20.5,52.5,0.042333297
21.0,52.5,0.044399925
21.5,52.5,0.04407461
22.0,52.5,0.04736535
22.5,52.5,0.04717973
23.0,52.5,0.05026881
23.5,52.5,0.050953846
28.0,52.5,0.10852043
28.5,52.5,0.11510061
29.0,52.5,0.13159181
29.5,52.5,0.14785291
30.0,52.5,0.11623491
30.5,52.5,0.14387862
31.0,52.5,0.16049512
31.5,52.5,0.10572617
32.0,52.5,0.098892525
32.5,52.5,0.08468523
33.0,52.5,0.0843593
33.5,52.5,0.10331446
34.0,52.5,0.075749144
34.5,52.5,0.13404861
35.0,52.5,0.22058913
35.5,52.5,0.1395577
36.0,52.5,0.14358209
17.0,53.0,0.10721131
17.5,53.0,0.07661542
18.0,53.0,0.06299367
18.5,53.0,0.057234682
19.0,53.0,0.044842537
19.5,53.0,0.048005626
20.0,53.0,0.04778035
20.5,53.0,0.044330064
21.0,53.0,0.04390838
21.5,53.0,0.045880646
22.0,53.0,0.046799432
22.5,53.0,0.04861721
23.0,53.0,0.05141476
23.5,53.0,0.057410527
27.5,53.0,0.101454884
28.0,53.0,0.10405451
28.5,53.0,0.12258019
29.0,53.0,0.12362206
29.5,53.0,0.15272781
30.0,53.0,0.1334073
30.5,53.0,0.11729786
31.0,53.0,0.12108667
31.5,53.0,0.09664389
32.0,53.0,0.11671579
32.5,53.0,0.0931465
33.0,53.0,0.06967547
33.5,53.0,0.101258576
34.0,53.0,0.119535655
34.5,53.0,0.176615
35.0,53.0,0.19607446
35.5,53.0,0.13418679
17.5,53.5,0.08147334
18.0,53.5,0.06596307
18.5,53.5,0.06581917
19.0,53.5,0.060054086
19.5,53.5,0.05032251
20.0,53.5,0.07013277
20.5,53.5,0.06089361
21.0,53.5,0.044976257
21.5,53.5,0.046003085
22.0,53.5,0.04813329
22.5,53.5,0.051783264
23.0,53.5,0.053057864
23.5,53.5,0.060121216
27.5,53.5,0.109200045
28.0,53.5,0.10821119
28.5,53.5,0.11181085
29.0,53.5,0.112330064
30.0,53.5,0.14999078
30.5,53.5,0.11292223
31.0,53.5,0.1394282
31.5,53.5,0.09373804
32.0,53.5,0.08171857
32.5,53.5,0.077494174
33.0,53.5,0.07344391
33.5,53.5,0.062845536
34.0,53.5,0.08677931
34.5,53.5,0.1989752
35.0,53.5,0.22148065
35.5,53.5,0.10257276
36.0,53.5,0.12307804
17.5,54.0,0.08580579
18.0,54.0,0.0677062
18.5,54.0,0.06413702
19.0,54.0,0.061887674
19.5,54.0,0.05050816
20.0,54.0,0.04634626
20.5,54.0,0.053113732
21.0,54.0,0.055522732
21.5,54.0,0.055621527
22.0,54.0,0.050408784
22.5,54.0,0.0526959
23.0,54.0,0.060334526
23.5,54.0,0.071040295
27.0,54.0,0.1334034
27.5,54.0,0.11792564
28.0,54.0,0.117343955
28.5,54.0,0.10852051
29.0,54.0,0.1739918
29.5,54.0,0.16089784
30.0,54.0,0.1186792
30.5,54.0,0.089658275
31.0,54.0,0.1046536
31.5,54.0,0.09906553
32.0,54.0,0.07793126
32.5,54.0,0.10225438
33.0,54.0,0.0817
33.5,54.0,0.062393155
34.0,54.0,0.06542542
34.5,54.0,0.14081456
35.0,54.0,0.16238019
35.5,54.0,0.085742995
36.5,54.0,0.13971473
39.5,54.0,0.25922462
40.0,54.0,0.14814772
17.5,54.5,0.108000584
18.0,54.5,0.079320274
18.5,54.5,0.07380534
19.0,54.5,0.07358128
19.5,54.5,0.061665647
20.0,54.5,0.04628946
20.5,54.5,0.046689004
21.0,54.5,0.056511518
21.5,54.5,0.050523862
22.0,54.5,0.051716197
22.5,54.5,0.05997009
23.0,54.5,0.059094988
23.5,54.5,0.060815834
24.0,54.5,0.08331052
27.0,54.5,0.15604523
27.5,54.5,0.12784833
28.0,54.5,0.10951537
28.5,54.5,0.10572296
29.0,54.5,0.13082746
29.5,54.5,0.0914933
30.0,54.5,0.08537917
30.5,54.5,0.09510003
31.0,54.5,0.07277116
31.5,54.5,0.085844606
32.0,54.5,0.086086616
32.5,54.5,0.086400494
33.0,54.5,0.09455828
33.5,54.5,0.08846558
34.0,54.5,0.08896026
34.5,54.5,0.15921757
35.0,54.5,0.14461698
35.5,54.5,0.13341029
36.0,54.5,0.27101475
36.5,54.5,0.12667136
37.0,54.5,0.21774474
37.5,54.5,0.19072731
38.0,54.5,0.08706509
38.5,54.5,0.065689035
39.0,54.5,0.1493517
39.5,54.5,0.18756244
40.0,54.5,0.072292194
18.0,55.0,0.08183378
18.5,55.0,0.072022855
19.0,55.0,0.07101981
19.5,55.0,0.058451585
20.0,55.0,0.05172213
20.5,55.0,0.052200265
21.0,55.0,0.046974532
21.5,55.0,0.05210947
22.0,55.0,0.050746523
22.5,55.0,0.047233842
23.0,55.0,0.060812503
23.5,55.0,0.068213515
24.0,55.0,0.06501256
24.5,55.0,0.08876042
27.5,55.0,0.112346925
28.0,55.0,0.115291364
28.5,55.0,0.11466959
29.0,55.0,0.095274396
29.5,55.0,0.10386508
30.0,55.0,0.0765988
30.5,55.0,0.092213236
31.0,55.0,0.07317744
31.5,55.0,0.07459572
32.0,55.0,0.088133045
32.5,55.0,0.0781031
33.0,55.0,0.082658336
33.5,55.0,0.10479754
34.0,55.0,0.098041676
34.5,55.0,0.21472934
35.0,55.0,0.20164607
35.5,55.0,0.15410428
36.0,55.0,0.20733543
36.5,55.0,0.104651034
37.5,55.0,0.1320344
38.0,55.0,0.04974599
38.5,55.0,0.081777684
39.0,55.0,0.07931943
39.5,55.0,0.072315946
18.0,55.5,0.08130365
18.5,55.5,0.081718616
19.0,55.5,0.07148962
19.5,55.5,0.06595558
20.0,55.5,0.04960555
20.5,55.5,0.057293214
21.0,55.5,0.046485774
21.5,55.5,0.059914015
22.0,55.5,0.046541497
22.5,55.5,0.04563729
23.0,55.5,0.050010525
23.5,55.5,0.06344831
24.0,55.5,0.075988874
27.0,55.5,0.14933208
27.5,55.5,0.12769216
28.0,55.5,0.11448874
28.5,55.5,0.09822613
29.0,55.5,0.088191606
29.5,55.5,0.16228971
30.0,55.5,0.079652265
30.5,55.5,0.096084446
31.0,55.5,0.07866464
31.5,55.5,0.06859079
32.0,55.5,0.07482169
32.5,55.5,0.07636133
33.0,55.5,0.07557777
33.5,55.5,0.1627691
34.0,55.5,0.24636625
34.5,55.5,0.3254604
35.0,55.5,0.32444966
35.5,55.5,0.17642337
36.0,55.5,0.06620709
36.5,55.5,0.082393825
37.0,55.5,0.14045249
37.5,55.5,0.13559799
38.0,55.5,0.065362565
38.5,55.5,0.07367493
39.0,55.5,0.08486919
39.5,55.5,0.056265324
40.0,55.5,0.047589555
18.0,56.0,0.09279253
18.5,56.0,0.08924252
19.0,56.0,0.08056017
19.5,56.0,0.06950187
20.0,56.0,0.06478021
20.5,56.0,0.057829067
21.0,56.0,0.055301934
21.5,56.0,0.09155755
22.0,56.0,0.06631568
22.5,56.0,0.049534045
23.0,56.0,0.06164836
23.5,56.0,0.073197655
24.0,56.0,0.106363975
24.5,56.0,0.097788915
25.0,56.0,0.08211711
27.5,56.0,0.12916988
28.0,56.0,0.11761739
28.5,56.0,0.08694862
29.0,56.0,0.08101737
29.5,56.0,0.07122833
30.0,56.0,0.0830947
30.5,56.0,0.08652141
31.0,56.0,0.083773255
31.5,56.0,0.089266956
32.0,56.0,0.078331575
32.5,56.0,0.091479845
33.0,56.0,0.06901031
33.5,56.0,0.09612125
34.0,56.0,0.21625778
34.5,56.0,0.25586677
35.5,56.0,0.20201671
36.0,56.0,0.08498944
36.5,56.0,0.09039313
37.0,56.0,0.089395724
37.5,56.0,0.099477835
38.0,56.0,0.08041586
38.5,56.0,0.08784166
39.0,56.0,0.07422318
39.5,56.0,0.04605946
40.0,56.0,0.033950534
19.0,56.5,0.07383571
19.5,56.5,0.08012368
20.0,56.5,0.06930709
20.5,56.5,0.05867447
21.0,56.5,0.06757389
21.5,56.5,0.053101048
22.0,56.5,0.058524735
22.5,56.5,0.060094602
23.0,56.5,0.07021661
23.5,56.5,0.11404452
24.0,56.5,0.11887682
28.0,56.5,0.10020353
28.5,56.5,0.09131263
29.0,56.5,0.097938694
29.5,56.5,0.107123226
30.0,56.5,0.08782596
30.5,56.5,0.087560944
31.0,56.5,0.09978688
31.5,56.5,0.1012695
32.0,56.5,0.07702961
32.5,56.5,0.086104855
33.0,56.5,0.08735964
33.5,56.5,0.09551011
34.0,56.5,0.08396342
34.5,56.5,0.27720588
35.0,56.5,0.41491798
35.5,56.5,0.18173379
36.0,56.5,0.14272651
36.5,56.5,0.11590485
37.0,56.5,0.08821122
37.5,56.5,0.08047371
38.0,56.5,0.087775335
39.0,56.5,0.10107005
40.0,56.5,0.031007688
19.0,57.0,0.072725005
19.5,57.0,0.0817487
20.0,57.0,0.07851006
20.5,57.0,0.06978156
21.0,57.0,0.065194964
21.5,57.0,0.06177474
22.0,57.0,0.06531666
22.5,57.0,0.07549504
23.0,57.0,0.10113615
23.5,57.0,0.12878864
27.5,57.0,0.11818491
28.0,57.0,0.097261846
28.5,57.0,0.09629026
29.0,57.0,0.09820959
29.5,57.0,0.120223194
30.0,57.0,0.084589474
30.5,57.0,0.10686356
31.0,57.0,0.11408721
31.5,57.0,0.10219163
32.0,57.0,0.08130716
32.5,57.0,0.082368635
33.0,57.0,0.117715724
33.5,57.0,0.15657696
34.0,57.0,0.09611985
34.5,57.0,0.119669884
35.0,57.0,0.116213076
35.5,57.0,0.073755905
36.0,57.0,0.09770254
36.5,57.0,0.09005
37.0,57.0,0.0681709
37.5,57.0,0.09995454
38.0,57.0,0.08879362
38.5,57.0,0.122023284
39.0,57.0,0.10736856
39.5,57.0,0.030193819
40.0,57.0,0.04375246
19.5,57.5,0.08148251
20.0,57.5,0.07920478
20.5,57.5,0.06834018
21.0,57.5,0.065559946
21.5,57.5,0.063725926
22.0,57.5,0.07099413
22.5,57.5,0.0868396
23.0,57.5,0.09380413
26.0,57.5,0.1004336
26.5,57.5,0.13830811
27.0,57.5,0.109336674
27.5,57.5,0.09420649
28.0,57.5,0.079615414
28.5,57.5,0.07868139
29.0,57.5,0.11532648
29.5,57.5,0.10039502
30.0,57.5,0.10940616
30.5,57.5,0.10410852
31.0,57.5,0.11816323
31.5,57.5,0.13851984
32.0,57.5,0.0841659
32.5,57.5,0.099789366
33.0,57.5,0.10521947
33.5,57.5,0.09057597
34.0,57.5,0.09328838
34.5,57.5,0.1666505
35.0,57.5,0.11520315
35.5,57.5,0.07275525
36.0,57.5,0.069573954
36.5,57.5,0.072670266
37.0,57.5,0.07783423
37.5,57.5,0.09309734
38.0,57.5,0.09784191
38.5,57.5,0.08664316
39.0,57.5,0.045294207
39.5,57.5,0.027945008
40.0,57.5,0.032195143
21.0,58.0,0.0758585
21.5,58.0,0.070703246
22.0,58.0,0.072365925
22.5,58.0,0.08830777
23.0,58.0,0.11689873
23.5,58.0,0.13748199
26.0,58.0,0.116112724
26.5,58.0,0.11775353
27.0,58.0,0.09573493
27.5,58.0,0.07766679
28.0,58.0,0.058646284
28.5,58.0,0.08849445
29.0,58.0,0.08171207
29.5,58.0,0.06874989
30.0,58.0,0.07574674
30.5,58.0,0.08485849
31.0,58.0,0.11939539
31.5,58.0,0.08527337
32.0,58.0,0.07692544
32.5,58.0,0.08404285
33.0,58.0,0.07070521
33.5,58.0,0.06678878
34.0,58.0,0.06593168
34.5,58.0,0.121998385
35.0,58.0,0.18671688
35.5,58.0,0.07528508
36.5,58.0,0.064540386
37.0,58.0,0.082596846
37.5,58.0,0.09045048
38.0,58.0,0.10758589
38.5,58.0,0.06919122
39.0,58.0,0.040401302
39.5,58.0,0.027440226
40.0,58.0,0.027204815
21.0,58.5,0.059949327
21.5,58.5,0.057232477
22.0,58.5,0.062449627
22.5,58.5,0.08048996
23.0,58.5,0.12543738
26.0,58.5,0.12298985
26.5,58.5,0.0995531
27.0,58.5,0.08988816
27.5,58.5,0.09805938
28.0,58.5,0.062004812
28.5,58.5,0.08556208
29.5,58.5,0.05374503
30.0,58.5,0.067915484
30.5,58.5,0.07668908
31.0,58.5,0.07664065
31.5,58.5,0.05846744
32.0,58.5,0.061367087
32.5,58.5,0.069160536
33.0,58.5,0.06845989
33.5,58.5,0.075690314
34.0,58.5,0.06728793
34.5,58.5,0.073226154
35.0,58.5,0.10924292
36.5,58.5,0.0672724
37.0,58.5,0.0736358
37.5,58.5,0.114656255
38.0,58.5,0.059398886
38.5,58.5,0.044471063
39.0,58.5,0.03746309
39.5,58.5,0.027782148
40.0,58.5,0.026708784
22.5,59.0,0.07410166
23.0,59.0,0.107779704
26.0,59.0,0.09435796
26.5,59.0,0.086683795
27.0,59.0,0.10838039
27.5,59.0,0.15221182
28.0,59.0,0.07987864
28.5,59.0,0.059020106
29.0,59.0,0.052507296
29.5,59.0,0.053735115
30.0,59.0,0.05489646
30.5,59.0,0.050691936
31.0,59.0,0.049398396
31.5,59.0,0.056620173
32.0,59.0,0.05995033
32.5,59.0,0.06925359
33.0,59.0,0.07647386
33.5,59.0,0.075124055
34.0,59.0,0.070707366
34.5,59.0,0.052695997
35.0,59.0,0.060080983
35.5,59.0,0.076550186
36.0,59.0,0.073553294
36.5,59.0,0.0881111
37.0,59.0,0.09317018
37.5,59.0,0.08574201
38.0,59.0,0.06736705
38.5,59.0,0.03828855
39.0,59.0,0.033879608
39.5,59.0,0.027456172
40.0,59.0,0.027615914
26.0,59.5,0.087467864
26.5,59.5,0.09135923
27.0,59.5,0.09164976
27.5,59.5,0.09540303
28.0,59.5,0.07696599
28.5,59.5,0.061137125
29.0,59.5,0.061355133
29.5,59.5,0.049295645
30.0,59.5,0.051578715
30.5,59.5,0.049572986
31.0,59.5,0.048357222
31.5,59.5,0.05685979
32.0,59.5,0.072509035
32.5,59.5,0.07014562
33.0,59.5,0.072092734
33.5,59.5,0.07458097
34.0,59.5,0.059204735
34.5,59.5,0.051690135
35.0,59.5,0.06186708
35.5,59.5,0.07304977
36.5,59.5,0.10072673
37.0,59.5,0.10407724
37.5,59.5,0.07674366
38.0,59.5,0.03345866
38.5,59.5,0.038413066
39.0,59.5,0.031619433
39.5,59.5,0.023534024
40.0,59.5,0.021829886
26.5,60.0,0.09267752
27.0,60.0,0.061754435
27.5,60.0,0.06985071
28.0,60.0,0.07834374
28.5,60.0,0.053877883
29.0,60.0,0.06703785
29.5,60.0,0.06824358
30.0,60.0,0.067651
30.5,60.0,0.053579867
31.0,60.0,0.049732577
31.5,60.0,0.061502434
32.0,60.0,0.09371102
32.5,60.0,0.07452638
33.0,60.0,0.06382449
33.5,60.0,0.06153223
34.0,60.0,0.05314421
34.5,60.0,0.056923278
35.0,60.0,0.0671639
35.5,60.0,0.07235665
36.5,60.0,0.08459599
37.0,60.0,0.06850689
37.5,60.0,0.079085365
38.0,60.0,0.05317642
38.5,60.0,0.043258216
39.0,60.0,0.0375352
27.5,60.5,0.066566385
28.0,60.5,0.07234666
28.5,60.5,0.061567627
29.0,60.5,0.057289697
29.5,60.5,0.06253905
30.0,60.5,0.060226116
30.5,60.5,0.05697661
31.0,60.5,0.059995472
31.5,60.5,0.0693716
32.0,60.5,0.08078411
32.5,60.5,0.081565276
33.0,60.5,0.06034437
33.5,60.5,0.08374389
34.0,60.5,0.14809933
34.5,60.5,0.06855473
35.0,60.5,0.059227392
35.5,60.5,0.05949851
36.0,60.5,0.042473685
36.5,60.5,0.04058888
37.0,60.5,0.09209724
37.5,60.5,0.1170522
38.0,60.5,0.053516872
38.5,60.5,0.030795734
39.0,60.5,0.03476207
39.5,60.5,0.021395037
30.5,61.0,0.060161505
31.0,61.0,0.18020673
31.5,61.0,0.1945562
32.0,61.0,0.0898365
32.5,61.0,0.09454408
33.0,61.0,0.061121196
33.5,61.0,0.05147458
34.0,61.0,0.057710636
34.5,61.0,0.04654842
35.0,61.0,0.04509097
35.5,61.0,0.054955
36.0,61.0,0.041859113
36.5,61.0,0.039662533
37.0,61.0,0.11326766
37.5,61.0,0.114884675
38.0,61.0,0.034021214
38.5,61.0,0.043600094
39.0,61.0,0.031701002
31.5,61.5,0.26247644
32.0,61.5,0.07249535
32.5,61.5,0.07408965
33.0,61.5,0.060709246
33.5,61.5,0.047143947
34.0,61.5,0.044365082
34.5,61.5,0.04832556
35.0,61.5,0.04705645
35.5,61.5,0.039618332
36.0,61.5,0.025665449
36.5,61.5,0.023998054
37.5,61.5,0.060993902
38.0,61.5,0.05732376
38.5,61.5,0.08887695
39.0,61.5,0.034714248
32.5,62.0,0.072554015
33.0,62.0,0.06515062
33.5,62.0,0.0501533
34.0,62.0,0.04712123
34.5,62.0,0.055263884
35.0,62.0,0.03494377
35.5,62.0,0.02938041
36.0,62.0,0.022408657
36.5,62.0,0.022827799
37.0,62.0,0.03528107
38.0,62.0,0.06570934
38.5,62.0,0.02886845
39.0,62.0,0.032555204
39.5,62.0,0.02464239
40.0,62.0,0.027686456
34.5,62.5,0.06660628
35.0,62.5,0.03711722
35.5,62.5,0.025319234
36.0,62.5,0.041378062
36.5,62.5,0.0425706
37.0,62.5,0.030157838
37.5,62.5,0.045398466
38.0,62.5,0.038374964
38.5,62.5,0.027917698
39.0,62.5,0.042584836
39.5,62.5,0.038128782
40.0,62.5,0.03600432
35.5,63.0,0.040164273
36.0,63.0,0.048000224
36.5,63.0,0.025082372
37.0,63.0,0.020012349
38.0,63.0,0.021285191
38.5,63.0,0.032384604
39.0,63.0,0.062651336
39.5,63.0,0.06380768
40.0,63.0,0.02899403
38.0,63.5,0.0322713
38.5,63.5,0.034141365
39.0,63.5,0.09318759
39.5,63.5,0.062026884
40.0,63.5,0.029525556
38.5,64.0,0.10595662
39.0,64.0,0.14935032
39.5,64.0,0.08747315
40.0,64.0,0.049522907
22.0,73.0,0.1762473
18.0,73.5,0.33055198
18.5,73.5,0.4166404
19.0,73.5,0.4187741
19.5,73.5,0.32562292
20.0,73.5,0.25765422
20.5,73.5,0.18173316
21.0,73.5,0.13143556
21.5,73.5,0.13906845
22.0,73.5,0.15610123
22.5,73.5,0.10447609
23.0,73.5,0.07991843
23.5,73.5,0.06041088
24.0,73.5,0.111971065
16.0,74.0,0.29380345
16.5,74.0,0.28907502
17.0,74.0,0.3163628
17.5,74.0,0.35403138
18.0,74.0,0.35189137
18.5,74.0,0.30693853
19.0,74.0,0.33902642
19.5,74.0,0.3391816
20.0,74.0,0.36886692
20.5,74.0,0.21247694
21.0,74.0,0.15316582
21.5,74.0,0.14441195
22.0,74.0,0.1561088
22.5,74.0,0.07000007
23.0,74.0,0.05959054
23.5,74.0,0.09140996
24.0,74.0,0.12618002
24.5,74.0,0.13491437
25.0,74.0,0.12838057
25.5,74.0,0.09474106
26.0,74.0,0.08303851
26.5,74.0,0.06379861
27.0,74.0,0.07342138
27.5,74.0,0.057831287
15.5,74.5,0.21288759
16.0,74.5,0.26234823
16.5,74.5,0.26777983
17.5,74.5,0.25895947
18.0,74.5,0.24002849
19.0,74.5,0.24824971
19.5,74.5,0.27975598
20.5,74.5,0.24154834
21.0,74.5,0.1523884
21.5,74.5,0.16199067
22.0,74.5,0.15877771
22.5,74.5,0.105581515
23.0,74.5,0.10325161
23.5,74.5,0.14292604
24.0,74.5,0.10409521
24.5,74.5,0.101943664
25.0,74.5,0.11294685
25.5,74.5,0.084033296
26.0,74.5,0.07747567
26.5,74.5,0.06764319
27.0,74.5,0.06326731
27.5,74.5,0.050494164
28.0,74.5,0.045468915
28.5,74.5,0.04909618
29.0,74.5,0.06069383
29.5,74.5,0.10114337
14.0,75.0,0.19361535
14.5,75.0,0.17038888
15.0,75.0,0.17867705
15.5,75.0,0.1761348
16.0,75.0,0.28226668
17.0,75.0,0.21327212
17.5,75.0,0.25276104
18.0,75.0,0.23798572
18.5,75.0,0.23681761
19.0,75.0,0.28204107
19.5,75.0,0.3270271
20.0,75.0,0.31854767
20.5,75.0,0.18896508
21.0,75.0,0.155547
21.5,75.0,0.14333904
22.0,75.0,0.16247597
22.5,75.0,0.13107352
23.0,75.0,0.12884969
23.5,75.0,0.120911285
24.0,75.0,0.12629755
24.5,75.0,0.1471628
25.0,75.0,0.10934237
25.5,75.0,0.091937274
26.0,75.0,0.08928504
26.5,75.0,0.07469918
27.0,75.0,0.087082654
27.5,75.0,0.06166786
28.0,75.0,0.04956747
28.5,75.0,0.04813544
29.0,75.0,0.05899127
29.5,75.0,0.13285083
30.0,75.0,0.18815562
30.5,75.0,0.18941492
31.0,75.0,0.19039553
31.5,75.0,0.18659139
32.0,75.0,0.15510869
32.5,75.0,0.11359627
14.0,75.5,0.1638238
14.5,75.5,0.14038283
15.0,75.5,0.13346899
15.5,75.5,0.13074483
16.0,75.5,0.24140406
16.5,75.5,0.26466602
17.0,75.5,0.23087087
17.5,75.5,0.23670907
18.0,75.5,0.21341181
18.5,75.5,0.21292068
19.0,75.5,0.2492595
19.5,75.5,0.27399418
20.0,75.5,0.22722429
20.5,75.5,0.16259786
21.0,75.5,0.16031548
21.5,75.5,0.13665283
22.0,75.5,0.17664032
22.5,75.5,0.1602939
23.0,75.5,0.12796189
23.5,75.5,0.16000204
24.0,75.5,0.12363218
24.5,75.5,0.13980943
25.0,75.5,0.10402697
25.5,75.5,0.10032295
26.0,75.5,0.089724705
26.5,75.5,0.07094348
27.0,75.5,0.081110045
27.5,75.5,0.071773484
28.0,75.5,0.063496605
28.5,75.5,0.06809092
29.0,75.5,0.095712245
29.5,75.5,0.16173577
30.0,75.5,0.1972047
30.5,75.5,0.19347204
31.0,75.5,0.16430445
31.5,75.5,0.16468671
32.0,75.5,0.14469327
12.5,76.0,0.28040975
13.0,76.0,0.22932903
13.5,76.0,0.1726113
14.0,76.0,0.15505524
14.5,76.0,0.12192744
15.0,76.0,0.039190408
15.5,76.0,0.110463314
16.0,76.0,0.18070638
17.0,76.0,0.26151893
17.5,76.0,0.23989403
18.0,76.0,0.1930278
18.5,76.0,0.2204512
19.0,76.0,0.24057099
19.5,76.0,0.22919261
20.0,76.0,0.21511018
20.5,76.0,0.1683293
21.0,76.0,0.16912839
21.5,76.0,0.15290418
22.0,76.0,0.17484613
22.5,76.0,0.18794312
23.0,76.0,0.2094654
23.5,76.0,0.184747
24.0,76.0,0.1007724
24.5,76.0,0.08065571
25.0,76.0,0.09694222
25.5,76.0,0.085493185
26.0,76.0,0.0687177
27.0,76.0,0.07844417
27.5,76.0,0.07786026
28.0,76.0,0.06404321
28.5,76.0,0.0867607
29.0,76.0,0.118376166
29.5,76.0,0.15828252
30.0,76.0,0.17879549
30.5,76.0,0.18162721
31.5,76.0,0.15677616
10.5,76.5,0.33068067
11.0,76.5,0.35766104
12.0,76.5,0.23043588
12.5,76.5,0.1760106
13.0,76.5,0.17303984
13.5,76.5,0.16141355
14.0,76.5,0.13523039
14.5,76.5,0.10487874
15.0,76.5,0.15554686
15.5,76.5,0.18753394
16.0,76.5,0.16178788
16.5,76.5,0.216761
17.0,76.5,0.1844714
17.5,76.5,0.21441635
18.0,76.5,0.23779818
18.5,76.5,0.22003758
19.0,76.5,0.26186782
19.5,76.5,0.20204946
20.0,76.5,0.18580335
20.5,76.5,0.1717009
21.0,76.5,0.16396545
21.5,76.5,0.16266446
22.0,76.5,0.21182817
22.5,76.5,0.24643898
23.0,76.5,0.17984352
23.5,76.5,0.07739185
24.5,76.5,0.07512903
25.0,76.5,0.075001545
25.5,76.5,0.08703736
26.0,76.5,0.08582366
26.5,76.5,0.065032855
27.0,76.5,0.0678153
27.5,76.5,0.07955581
28.0,76.5,0.08039281
28.5,76.5,0.099999845
29.0,76.5,0.14652145
29.5,76.5,0.1654508
30.0,76.5,0.17995171
30.5,76.5,0.14912283
31.0,76.5,0.15301901
31.5,76.5,0.15724829
38.0,76.5,0.42786676
38.5,76.5,0.23826866
39.0,76.5,0.15596801
39.5,76.5,0.17271243
40.0,76.5,0.14496663
10.5,77.0,0.24212202
11.0,77.0,0.13484628
12.0,77.0,0.21973376
12.5,77.0,0.17714588
13.0,77.0,0.18229857
13.5,77.0,0.14193214
14.0,77.0,0.1086157
14.5,77.0,0.16580534
15.0,77.0,0.18188064
15.5,77.0,0.2054957
16.0,77.0,0.19541913
16.5,77.0,0.15166523
17.0,77.0,0.1521597
17.5,77.0,0.21024758
18.0,77.0,0.28039804
18.5,77.0,0.24263704
19.0,77.0,0.23392308
19.5,77.0,0.21509942
20.0,77.0,0.30381262
20.5,77.0,0.20707987
21.0,77.0,0.22130035
22.0,77.0,0.15913674
22.5,77.0,0.1651347
23.0,77.0,0.16475907
23.5,77.0,0.07391859
24.0,77.0,0.057388946
24.5,77.0,0.09707205
25.0,77.0,0.08516196
25.5,77.0,0.09660492
26.0,77.0,0.10234229
26.5,77.0,0.081558175
27.0,77.0,0.06060239
27.5,77.0,0.07711105
28.0,77.0,0.12028849
29.5,77.0,0.21147077
30.0,77.0,0.19535112
30.5,77.0,0.14565705
37.0,77.0,0.15002891
38.0,77.0,0.20662318
39.0,77.0,0.21559003
39.5,77.0,0.18714772
40.0,77.0,0.18179193
9.0,77.5,0.16330904
10.0,77.5,0.1897338
10.5,77.5,0.20240124
11.0,77.5,0.19875883
11.5,77.5,0.14798954
12.0,77.5,0.1686033
12.5,77.5,0.14472987
13.0,77.5,0.16001149
13.5,77.5,0.12293699
14.0,77.5,0.12617323
14.5,77.5,0.15276629
15.0,77.5,0.11868913
15.5,77.5,0.14026079
16.0,77.5,0.14159583
16.5,77.5,0.14379722
17.0,77.5,0.1531336
17.5,77.5,0.18523341
18.0,77.5,0.23760778
18.5,77.5,0.20531876
19.0,77.5,0.2067801
19.5,77.5,0.2131786
20.0,77.5,0.24803244
20.5,77.5,0.1911544
21.0,77.5,0.21766168
21.5,77.5,0.2092062
22.0,77.5,0.16858926
22.5,77.5,0.15700841
23.0,77.5,0.17718905
23.5,77.5,0.09746293
24.0,77.5,0.10922091
24.5,77.5,0.08714485
25.0,77.5,0.091216855
25.5,77.5,0.08249662
26.0,77.5,0.08481905
26.5,77.5,0.085989736
27.0,77.5,0.07587927
27.5,77.5,0.11966442
28.0,77.5,0.13136494
29.0,77.5,0.19840758
29.5,77.5,0.21037622
30.0,77.5,0.17103566
30.5,77.5,0.17757897
37.0,77.5,0.15959813
37.5,77.5,0.06307238
38.0,77.5,0.11349633
38.5,77.5,0.21443498
39.0,77.5,0.2184114
39.5,77.5,0.2386521
40.0,77.5,0.21753861
9.0,78.0,0.1560249
9.5,78.0,0.13119349
10.0,78.0,0.12859684
10.5,78.0,0.1205789
11.0,78.0,0.1676413
11.5,78.0,0.15608507
12.0,78.0,0.13716437
12.5,78.0,0.1397954
13.0,78.0,0.14189228
13.5,78.0,0.1233158
14.0,78.0,0.14486292
14.5,78.0,0.1536089
15.0,78.0,0.12941772
15.5,78.0,0.12607245
16.0,78.0,0.148805
16.5,78.0,0.15578125
17.0,78.0,0.14084189
17.5,78.0,0.17746301
18.0,78.0,0.14248626
18.5,78.0,0.14443395
19.0,78.0,0.1719023
19.5,78.0,0.2565403
20.0,78.0,0.26427004
20.5,78.0,0.19493794
21.0,78.0,0.19894458
21.5,78.0,0.17711484
22.0,78.0,0.13666046
23.0,78.0,0.15214181
23.5,78.0,0.109104805
24.0,78.0,0.10347757
24.5,78.0,0.09627312
25.0,78.0,0.103986315
25.5,78.0,0.108499534
26.0,78.0,0.09986949
26.5,78.0,0.08707832
27.0,78.0,0.085316
27.5,78.0,0.12677345
28.0,78.0,0.13537957
28.5,78.0,0.18523064
29.0,78.0,0.21782961
29.5,78.0,0.20998806
30.0,78.0,0.18764111
37.0,78.0,0.13340947
37.5,78.0,0.049970433
38.0,78.0,0.09849193
38.5,78.0,0.23646574
39.0,78.0,0.1890672
39.5,78.0,0.32306755
40.0,78.0,0.2889452
10.0,78.5,0.10120806
10.5,78.5,0.09255871
11.0,78.5,0.116926365
11.5,78.5,0.114212655
12.0,78.5,0.1404439
12.5,78.5,0.1123001
13.0,78.5,0.14670223
13.5,78.5,0.11653168
14.0,78.5,0.14509532
14.5,78.5,0.16193093
15.0,78.5,0.15345435
15.5,78.5,0.14946453
16.0,78.5,0.17291659
16.5,78.5,0.13616489
17.0,78.5,0.12813221
18.0,78.5,0.12569721
18.5,78.5,0.14098649
19.0,78.5,0.16395083
19.5,78.5,0.21510006
20.0,78.5,0.22776453
20.5,78.5,0.17037037
21.0,78.5,0.19513837
21.5,78.5,0.18426903
22.0,78.5,0.1588749
22.5,78.5,0.1454182
23.0,78.5,0.1483461
23.5,78.5,0.12859344
24.0,78.5,0.10700562
24.5,78.5,0.09710957
25.0,78.5,0.11241594
26.0,78.5,0.082524106
26.5,78.5,0.074675955
27.0,78.5,0.10991792
27.5,78.5,0.12865946
28.0,78.5,0.14752677
28.5,78.5,0.15986452
29.0,78.5,0.19166882
29.5,78.5,0.21616049
36.5,78.5,0.23679361
37.0,78.5,0.084035404
37.5,78.5,0.049113564
38.0,78.5,0.06565872
38.5,78.5,0.23447451
39.0,78.5,0.26373494
40.0,78.5,0.33848432
10.5,79.0,0.08807887
11.0,79.0,0.12812299
11.5,79.0,0.10422012
12.0,79.0,0.10375157
12.5,79.0,0.10634614
13.0,79.0,0.13283283
13.5,79.0,0.1294163
14.0,79.0,0.1683983
14.5,79.0,0.17924124
15.0,79.0,0.13314675
15.5,79.0,0.109323874
16.0,79.0,0.17019582
16.5,79.0,0.16591889
17.0,79.0,0.13607183
17.5,79.0,0.14713132
18.0,79.0,0.13487095
18.5,79.0,0.1640625
19.0,79.0,0.18294165
19.5,79.0,0.20240024
20.5,79.0,0.18383679
21.0,79.0,0.18665089
21.5,79.0,0.20467816
22.0,79.0,0.1672261
22.5,79.0,0.12929785
23.0,79.0,0.14955093
23.5,79.0,0.1159521
24.0,79.0,0.08693953
24.5,79.0,0.09594706
25.0,79.0,0.09065658
25.5,79.0,0.100571945
26.0,79.0,0.108169965
26.5,79.0,0.107965246
27.0,79.0,0.12972185
27.5,79.0,0.124800876
28.0,79.0,0.15014373
28.5,79.0,0.15781105
36.5,79.0,0.20432492
37.0,79.0,0.06477298
37.5,79.0,0.048710667
38.0,79.0,0.051114723
38.5,79.0,0.08643014
39.0,79.0,0.16812202
39.5,79.0,0.26575994
40.0,79.0,0.351749
10.5,79.5,0.17276788
11.0,79.5,0.18231727
12.0,79.5,0.098750755
12.5,79.5,0.09350322
13.0,79.5,0.11017861
13.5,79.5,0.14825459
14.0,79.5,0.19237746
14.5,79.5,0.1499573
15.0,79.5,0.106143296
15.5,79.5,0.08789003
16.0,79.5,0.118616916
16.5,79.5,0.13753049
17.0,79.5,0.16560702
17.5,79.5,0.14974375
18.0,79.5,0.11707063
18.5,79.5,0.12489851
19.0,79.5,0.14731473
19.5,79.5,0.21396965
20.0,79.5,0.13801129
20.5,79.5,0.1587768
21.0,79.5,0.158464
21.5,79.5,0.15776828
22.0,79.5,0.1621542
22.5,79.5,0.13638315
23.0,79.5,0.15076773
23.5,79.5,0.11627357
24.0,79.5,0.09172953
24.5,79.5,0.09575243
25.0,79.5,0.100566655
25.5,79.5,0.10670251
26.0,79.5,0.109113075
26.5,79.5,0.114551
27.0,79.5,0.1279392
27.5,79.5,0.13336149
28.0,79.5,0.14664596
28.5,79.5,0.16454217
31.5,79.5,0.06686567
32.0,79.5,0.06800618
32.5,79.5,0.07380284
33.0,79.5,0.09064523
34.5,79.5,0.09638599
35.0,79.5,0.08867101
35.5,79.5,0.07266723
36.5,79.5,0.19247684
37.0,79.5,0.10268563
37.5,79.5,0.08557996
38.0,79.5,0.047274873
38.5,79.5,0.047540445
39.0,79.5,0.061458617
39.5,79.5,0.08862929
40.0,79.5,0.19354281
16.0,80.0,0.097878754
16.5,80.0,0.13897388
17.0,80.0,0.14355242
17.5,80.0,0.10022502
18.0,80.0,0.11770366
19.0,80.0,0.13884622
19.5,80.0,0.16646884
20.0,80.0,0.1579835
20.5,80.0,0.13043843
21.0,80.0,0.15929542
21.5,80.0,0.13848671
22.0,80.0,0.15482375
22.5,80.0,0.16970979
23.0,80.0,0.21484323
23.5,80.0,0.13071215
24.0,80.0,0.08966137
24.5,80.0,0.10341472
25.0,80.0,0.10175072
25.5,80.0,0.10131367
26.0,80.0,0.10463804
27.0,80.0,0.117464736
27.5,80.0,0.15144813
28.0,80.0,0.18072753
28.5,80.0,0.20690069
32.5,80.0,0.079383865
33.5,80.0,0.10295366
34.5,80.0,0.10090799
35.0,80.0,0.10423834
36.5,80.0,0.17118002
37.0,80.0,0.088098
37.5,80.0,0.079552025
38.0,80.0,0.056587555
38.5,80.0,0.0441749
39.0,80.0,0.049733125
39.5,80.0,0.056572534
40.0,80.0,0.082941845
16.0,80.5,0.14033005
17.0,80.5,0.1337702
17.5,80.5,0.12473342
18.0,80.5,0.1291721
18.5,80.5,0.14016451
20.0,80.5,0.16774401
21.0,80.5,0.15873384
21.5,80.5,0.16864565
22.5,80.5,0.18368076
23.0,80.5,0.16994148
23.5,80.5,0.1500741
24.0,80.5,0.120531514
24.5,80.5,0.094151855
25.0,80.5,0.103981435
25.5,80.5,0.108679876
26.0,80.5,0.11467314
27.0,80.5,0.13356239
27.5,80.5,0.16233808
28.0,80.5,0.21347018
28.5,80.5,0.2480879
31.0,80.5,0.05052259
32.5,80.5,0.06999239
33.0,80.5,0.11439486
33.5,80.5,0.094872504
34.0,80.5,0.08123359
34.5,80.5,0.086483456
35.0,80.5,0.09074357
36.5,80.5,0.10817891
37.0,80.5,0.053854477
37.5,80.5,0.05451072
38.0,80.5,0.066613585
38.5,80.5,0.059089385
39.0,80.5,0.05571451
39.5,80.5,0.061550457
40.0,80.5,0.09466682
17.0,81.0,0.23080505
17.5,81.0,0.2533045
18.0,81.0,0.19577715
18.5,81.0,0.16540869
19.0,81.0,0.16691591
19.5,81.0,0.18331829
20.0,81.0,0.14223519
20.5,81.0,0.13536803
21.0,81.0,0.14327082
21.5,81.0,0.09670143
22.0,81.0,0.14229082
22.5,81.0,0.1650036
23.0,81.0,0.15696552
23.5,81.0,0.14185442
24.0,81.0,0.18990153
24.5,81.0,0.14065453
25.0,81.0,0.11522232
25.5,81.0,0.11888673
26.0,81.0,0.12525171
26.5,81.0,0.14042881
27.0,81.0,0.18379687
27.5,81.0,0.19881298
28.0,81.0,0.22860207
28.5,81.0,0.24139427
31.0,81.0,0.041610852
32.0,81.0,0.050988298
32.5,81.0,0.06501435
33.0,81.0,0.06540689
33.5,81.0,0.082687505
34.0,81.0,0.0936778
36.5,81.0,0.05613897
37.0,81.0,0.069136895
37.5,81.0,0.054628305
38.0,81.0,0.0579135
38.5,81.0,0.061888494
39.0,81.0,0.062437396
39.5,81.0,0.060335003
40.0,81.0,0.07977178
17.0,81.5,0.30639783
17.5,81.5,0.31191123
18.0,81.5,0.20570001
18.5,81.5,0.152805
19.0,81.5,0.17029515
19.5,81.5,0.18434343
20.0,81.5,0.14981407
20.5,81.5,0.14147455
21.0,81.5,0.1496627
21.5,81.5,0.11643446
22.0,81.5,0.090093866
23.0,81.5,0.14214484
23.5,81.5,0.12199648
24.0,81.5,0.13376488
24.5,81.5,0.13412878
25.0,81.5,0.12065323
25.5,81.5,0.13665646
26.0,81.5,0.14367604
26.5,81.5,0.16071233
27.0,81.5,0.18283805
27.5,81.5,0.19288829
28.0,81.5,0.2357017
32.0,81.5,0.055484805
32.5,81.5,0.058445014
33.0,81.5,0.05781447
33.5,81.5,0.0776984
34.5,81.5,0.07739453
36.5,81.5,0.08477005
37.0,81.5,0.09048026
37.5,81.5,0.0640908
38.0,81.5,0.070283964
38.5,81.5,0.06908776
39.0,81.5,0.057797145
39.5,81.5,0.058008764
40.0,81.5,0.05737873
17.5,82.0,0.28624052
18.0,82.0,0.22675858
18.5,82.0,0.1552683
19.0,82.0,0.18414542
19.5,82.0,0.17209762
20.0,82.0,0.1823101
20.5,82.0,0.17085831
21.0,82.0,0.14990401
21.5,82.0,0.13336195
22.0,82.0,0.111411735
23.0,82.0,0.13823196
23.5,82.0,0.13533321
24.0,82.0,0.14323802
24.5,82.0,0.120302215
25.0,82.0,0.124624945
26.0,82.0,0.12535347
26.5,82.0,0.14294145
27.0,82.0,0.16253054
27.5,82.0,0.18613142
32.0,82.0,0.058374595
32.5,82.0,0.06902165
33.0,82.0,0.07745368
33.5,82.0,0.078474194
34.0,82.0,0.08513021
36.5,82.0,0.058636267
37.0,82.0,0.06101206
37.5,82.0,0.05835986
38.0,82.0,0.062795445
38.5,82.0,0.07463691
39.0,82.0,0.061016165
39.5,82.0,0.0622094
40.0,82.0,0.060408812
18.5,82.5,0.18407574
19.0,82.5,0.19777507
19.5,82.5,0.18849595
20.0,82.5,0.17878678
20.5,82.5,0.17727715
21.0,82.5,0.13915959
21.5,82.5,0.1550586
22.0,82.5,0.15131585
22.5,82.5,0.16356996
23.0,82.5,0.14377446
23.5,82.5,0.1365334
24.0,82.5,0.08897325
24.5,82.5,0.12066798
25.0,82.5,0.12304063
25.5,82.5,0.120046385
26.0,82.5,0.122891486
26.5,82.5,0.14666115
27.0,82.5,0.14506495
27.5,82.5,0.15907517
31.5,82.5,0.06731108
32.0,82.5,0.065351725
32.5,82.5,0.090128765
33.0,82.5,0.06388648
33.5,82.5,0.06597237
34.0,82.5,0.09897366
34.5,82.5,0.07121619
35.0,82.5,0.09461745
36.0,82.5,0.111037016
36.5,82.5,0.07521671
37.0,82.5,0.066692576
37.5,82.5,0.059422962
38.0,82.5,0.061546296
38.5,82.5,0.06348321
39.0,82.5,0.06303678
39.5,82.5,0.05324237
40.0,82.5,0.05318106
21.0,83.0,0.13038044
21.5,83.0,0.14154115
22.0,83.0,0.15626118
22.5,83.0,0.14397892
23.0,83.0,0.13603663
23.5,83.0,0.1298212
24.0,83.0,0.15712783
24.5,83.0,0.14033294
25.0,83.0,0.1320963
25.5,83.0,0.12737261
26.0,83.0,0.12632167
26.5,83.0,0.124264516
27.0,83.0,0.122732386
27.5,83.0,0.17319794
30.0,83.0,0.09750663
31.5,83.0,0.07989349
32.5,83.0,0.05821782
33.0,83.0,0.049471032
33.5,83.0,0.07680935
34.0,83.0,0.11608378
34.5,83.0,0.08228032
35.5,83.0,0.080832005
36.0,83.0,0.086831294
36.5,83.0,0.086716525
37.0,83.0,0.0640664
37.5,83.0,0.056829847
38.0,83.0,0.07042532
38.5,83.0,0.063569
39.0,83.0,0.05959233
39.5,83.0,0.0560538
40.0,83.0,0.04942491
23.0,83.5,0.12464155
23.5,83.5,0.12984958
24.0,83.5,0.117235266
24.5,83.5,0.13237838
25.0,83.5,0.1272758
25.5,83.5,0.13784884
26.0,83.5,0.12450232
26.5,83.5,0.12136118
27.0,83.5,0.15714404
27.5,83.5,0.24937785
29.5,83.5,0.12466386
30.0,83.5,0.112049885
30.5,83.5,0.07378824
32.5,83.5,0.06799045
33.5,83.5,0.055995382
34.0,83.5,0.09833905
34.5,83.5,0.08216621
35.0,83.5,0.07603739
35.5,83.5,0.07008285
36.5,83.5,0.102498524
37.0,83.5,0.049567025
37.5,83.5,0.049712993
38.0,83.5,0.063364096
38.5,83.5,0.07338586
39.0,83.5,0.06374722
39.5,83.5,0.05838314
40.0,83.5,0.05367991
24.0,84.0,0.13079442
24.5,84.0,0.1435263
25.0,84.0,0.12837662
25.5,84.0,0.13049883
26.0,84.0,0.12594129
26.5,84.0,0.14305279
27.0,84.0,0.24246033
27.5,84.0,0.31611577
30.0,84.0,0.07633074
30.5,84.0,0.07886843
31.0,84.0,0.16966046
31.5,84.0,0.073164
32.0,84.0,0.07760428
32.5,84.0,0.060497925
33.0,84.0,0.05806843
33.5,84.0,0.06630152
34.0,84.0,0.073356576
34.5,84.0,0.09139031
35.0,84.0,0.09952977
35.5,84.0,0.082159
36.0,84.0,0.07251345
36.5,84.0,0.11888069
37.0,84.0,0.05866541
37.5,84.0,0.048956648
38.0,84.0,0.06119155
38.5,84.0,0.06389941
39.0,84.0,0.06473152
39.5,84.0,0.062332004
40.0,84.0,0.051971138
27.0,84.5,0.30611205
29.5,84.5,0.08257645
31.5,84.5,0.05921743
32.0,84.5,0.06907
32.5,84.5,0.05618602
33.5,84.5,0.06843842
34.0,84.5,0.057450786
34.5,84.5,0.07500324
35.0,84.5,0.12592474
35.5,84.5,0.12659772
36.0,84.5,0.07558978
36.5,84.5,0.075578965
37.0,84.5,0.08515894
37.5,84.5,0.04252538
38.0,84.5,0.063803785
38.5,84.5,0.06421459
39.0,84.5,0.059406087
39.5,84.5,0.06176702
40.0,84.5,0.055302013
29.5,85.0,0.07332946
30.0,85.0,0.10849407
33.0,85.0,0.058247715
34.0,85.0,0.06851088
34.5,85.0,0.086372614
35.5,85.0,0.10972576
36.0,85.0,0.08432575
36.5,85.0,0.07217829
37.5,85.0,0.04111464
38.0,85.0,0.052416034
38.5,85.0,0.063811995
39.0,85.0,0.0654537
39.5,85.0,0.057887055
40.0,85.0,0.05657558
29.5,85.5,0.077052005
30.0,85.5,0.08910717
30.5,85.5,0.08109536
31.5,85.5,0.08785781
32.0,85.5,0.08169179
32.5,85.5,0.071591415
33.0,85.5,0.063044265
33.5,85.5,0.07365973
34.0,85.5,0.0749674
34.5,85.5,0.084596425
35.0,85.5,0.10410709
35.5,85.5,0.10639922
36.0,85.5,0.10844511
36.5,85.5,0.09336948
37.5,85.5,0.05778164
38.0,85.5,0.06437611
38.5,85.5,0.08441943
39.0,85.5,0.06519083
39.5,85.5,0.05843711
40.0,85.5,0.0559514
32.5,86.0,0.10707634
33.0,86.0,0.0853148
33.5,86.0,0.07016614
34.0,86.0,0.08359713
35.0,86.0,0.09542195
35.5,86.0,0.13047545
36.0,86.0,0.1578384
36.5,86.0,0.12852201
37.0,86.0,0.11042992
38.0,86.0,0.07769696
38.5,86.0,0.08031383
39.0,86.0,0.06758224
39.5,86.0,0.062289335
40.0,86.0,0.056688547
34.0,86.5,0.10220372
34.5,86.5,0.10415512
35.0,86.5,0.11293554
35.5,86.5,0.124964274
36.0,86.5,0.13929385
36.5,86.5,0.117766604
37.0,86.5,0.09608671
38.0,86.5,0.14414322
38.5,86.5,0.065750115
39.0,86.5,0.06661652
39.5,86.5,0.0631815
40.0,86.5,0.058141142
34.0,87.0,0.1102126
34.5,87.0,0.1284094
35.0,87.0,0.14576828
35.5,87.0,0.12744683
36.0,87.0,0.1418964
37.0,87.0,0.11501436
38.0,87.0,0.13474998
38.5,87.0,0.06365368
39.0,87.0,0.082783334
39.5,87.0,0.064737655
40.0,87.0,0.061445065
35.5,87.5,0.13926375
37.0,87.5,0.12710655
38.0,87.5,0.15606543
38.5,87.5,0.07398047
39.0,87.5,0.13123748
39.5,87.5,0.088678636
40.0,87.5,0.059608366
37.0,88.0,0.13364094
38.0,88.0,0.15329145
38.5,88.0,0.0957093
39.0,88.0,0.1684427
39.5,88.0,0.16000755
40.0,88.0,0.06326502
38.0,88.5,0.13417898
38.5,88.5,0.115410805
39.0,88.5,0.2061271
39.5,88.5,0.15835617
40.0,88.5,0.061628215
23.5,89.0,0.27710882
24.5,89.0,0.33907604
25.0,89.0,0.35511208
39.5,89.0,0.08718484
40.0,89.0,0.053836957
23.5,89.5,0.24902217
24.0,89.5,0.31960368
24.5,89.5,0.38203198
25.0,89.5,0.41444293
23.5,90.0,0.2812634
24.5,90.0,0.45632875
25.0,90.0,0.44600722
29.0,90.0,0.1333689
29.5,90.0,0.1122044
24.5,90.5,0.51805174
25.0,90.5,0.51205057
26.0,90.5,0.47414023
26.5,90.5,0.4308436
30.0,90.5,0.12058392
32.0,90.5,0.13319223
24.5,91.0,0.60216445
25.0,91.0,0.5771743
26.0,91.0,0.43054363
26.5,91.0,0.43564153
28.5,91.0,0.19233778
30.0,91.0,0.1546532
30.5,91.0,0.19594324
32.5,91.0,0.09429798
34.0,91.0,0.089514256
23.0,91.5,0.28829405
23.5,91.5,0.35896853
25.0,91.5,0.61083305
26.5,91.5,0.5142056
28.5,91.5,0.13709088
29.0,91.5,0.17967232
29.5,91.5,0.20027474
30.0,91.5,0.20820004
30.5,91.5,0.25552464
31.5,91.5,0.13982442
32.5,91.5,0.102490515
33.5,91.5,0.091304675
34.0,91.5,0.10132112
34.5,91.5,0.11638225
35.0,91.5,0.122939825
35.5,91.5,0.11530869
36.5,91.5,0.13723245
37.5,91.5,0.08683892
38.0,91.5,0.063434325
25.0,92.0,0.5508436
26.0,92.0,0.44003585
33.5,92.0,0.11138788
34.0,92.0,0.116529614
34.5,92.0,0.120610125
35.0,92.0,0.1516044
36.5,92.0,0.12603955
37.0,92.0,0.078038044
37.5,92.0,0.039041795
38.0,92.0,0.07723827
38.5,92.0,0.15153773
39.0,92.0,0.07911329
39.5,92.0,0.054055143
27.0,92.5,0.487518
32.5,92.5,0.18241882
33.5,92.5,0.11042728
34.0,92.5,0.119407594
34.5,92.5,0.14884633
35.0,92.5,0.19018976
36.5,92.5,0.122992426
37.0,92.5,0.05004947
37.5,92.5,0.051862516
38.0,92.5,0.08226415
38.5,92.5,0.11905559
39.0,92.5,0.06028568
39.5,92.5,0.05023194
40.0,92.5,0.05573332
26.0,93.0,0.41382092
27.0,93.0,0.5025884
32.5,93.0,0.25055197
33.0,93.0,0.21048665
33.5,93.0,0.13668449
34.0,93.0,0.13087079
34.5,93.0,0.13969848
36.5,93.0,0.070431784
37.0,93.0,0.15735622
37.5,93.0,0.12019548
38.0,93.0,0.112172745
38.5,93.0,0.21502885
39.0,93.0,0.12218558
39.5,93.0,0.05340466
40.0,93.0,0.054704733
33.5,93.5,0.17136583
34.0,93.5,0.14195623
34.5,93.5,0.17373699
36.5,93.5,0.069775924
37.0,93.5,0.15241352
37.5,93.5,0.2741011
38.0,93.5,0.11479907
38.5,93.5,0.080884054
39.0,93.5,0.074172124
39.5,93.5,0.072562054
40.0,93.5,0.050175842
33.5,94.0,0.22135594
34.0,94.0,0.19307753
35.5,94.0,0.1757279
36.5,94.0,0.08377443
37.0,94.0,0.14650185
38.0,94.0,0.11795433
38.5,94.0,0.08228733
39.0,94.0,0.16472124
39.5,94.0,0.06967789
40.0,94.0,0.05116181
23.0,94.5,0.3638449
33.5,94.5,0.25155938
34.0,94.5,0.28161138
35.5,94.5,0.1270059
36.0,94.5,0.13625889
36.5,94.5,0.16114573
37.5,94.5,0.07890765
38.0,94.5,0.084195755
38.5,94.5,0.106249705
39.0,94.5,0.12821609
39.5,94.5,0.0878789
40.0,94.5,0.0488449
22.5,95.0,0.2787217
23.0,95.0,0.31812316
35.5,95.0,0.16639458
36.5,95.0,0.2849385
37.5,95.0,0.07153987
38.0,95.0,0.13374092
38.5,95.0,0.113200784
39.0,95.0,0.13208741
39.5,95.0,0.11037765
40.0,95.0,0.051531944
23.0,95.5,0.3245188
23.5,95.5,0.40124673
35.5,95.5,0.18685341
36.5,95.5,0.19261573
37.0,95.5,0.32298574
37.5,95.5,0.11893424
39.0,95.5,0.100162424
39.5,95.5,0.14601466
40.0,95.5,0.052931093
22.0,96.0,0.23401412
22.5,96.0,0.26295352
23.0,96.0,0.2770364
23.5,96.0,0.4373476
27.5,96.0,0.4931066
32.0,96.0,0.3507624
32.5,96.0,0.37699008
36.5,96.0,0.26962766
37.0,96.0,0.25519863
37.5,96.0,0.1278333
38.0,96.0,0.1812031
39.0,96.0,0.1340403
39.5,96.0,0.1056823
40.0,96.0,0.057860002
31.5,96.5,0.42519093
32.5,96.5,0.34354383
36.0,96.5,0.1643081
36.5,96.5,0.23180968
37.0,96.5,0.13855761
37.5,96.5,0.17254108
38.0,96.5,0.18149546
39.0,96.5,0.13306701
40.0,96.5,0.06616855
22.0,97.0,0.5363372
31.5,97.0,0.40310273
32.0,97.0,0.39493915
32.5,97.0,0.3788797
33.5,97.0,0.36062983
34.0,97.0,0.31745625
36.5,97.0,0.28075218
37.5,97.0,0.19597447
39.0,97.0,0.21249384
39.5,97.0,0.148759
40.0,97.0,0.0766721
30.5,97.5,0.22806208
31.0,97.5,0.28360587
31.5,97.5,0.32764775
32.0,97.5,0.36159995
32.5,97.5,0.35631683
33.5,97.5,0.3033756
34.0,97.5,0.3614946
36.0,97.5,0.1926599
36.5,97.5,0.2034204
37.0,97.5,0.1999565
40.0,97.5,0.07408115
22.0,98.0,0.4874301
30.5,98.0,0.22100016
31.0,98.0,0.26197112
31.5,98.0,0.30825487
32.0,98.0,0.33089665
32.5,98.0,0.39159602
33.5,98.0,0.31203973
34.0,98.0,0.3598592
34.5,98.0,0.28727728
36.5,98.0,0.17862417
40.0,98.0,0.08292424
30.5,98.5,0.19748451
31.0,98.5,0.23317918
31.5,98.5,0.3285476
32.0,98.5,0.3559039
34.0,98.5,0.2956069
34.5,98.5,0.23960902
39.5,98.5,0.15687968
40.0,98.5,0.098013766
29.5,99.0,0.22342375
30.0,99.0,0.2553242
30.5,99.0,0.23109886
31.0,99.0,0.29515734
31.5,99.0,0.34634167
32.5,99.0,0.3672165
33.0,99.0,0.34742448
34.0,99.0,0.27445275
34.5,99.0,0.24455516
39.5,99.0,0.11887823
40.0,99.0,0.10471715
29.5,99.5,0.22939613
30.5,99.5,0.2628025
31.0,99.5,0.33464217
31.5,99.5,0.30666113
32.0,99.5,0.34820756
32.5,99.5,0.33665466
33.0,99.5,0.29789162
33.5,99.5,0.27328947
34.0,99.5,0.30237275
39.5,99.5,0.10326561
40.0,99.5,0.09214775
29.5,100.0,0.21219526
30.0,100.0,0.23582254
30.5,100.0,0.28631717
31.0,100.0,0.31136373
31.5,100.0,0.27650154
32.0,100.0,0.32511124
32.5,100.0,0.3611529
33.0,100.0,0.31245422
33.5,100.0,0.3069318
34.0,100.0,0.35128108
38.5,100.0,0.34473896
39.0,100.0,0.24080686
39.5,100.0,0.10593527
40.0,100.0,0.088423036
28.5,100.5,0.16953245
29.0,100.5,0.15331261
29.5,100.5,0.28043896
30.0,100.5,0.23944946
30.5,100.5,0.2535512
31.0,100.5,0.29740164
31.5,100.5,0.31397796
32.0,100.5,0.34001157
32.5,100.5,0.35130286
33.0,100.5,0.34301764
33.5,100.5,0.3595904
34.0,100.5,0.4457757
34.5,100.5,0.36758265
35.0,100.5,0.38988382
38.0,100.5,0.30318865
38.5,100.5,0.15441619
39.0,100.5,0.13697818
39.5,100.5,0.07895246
40.0,100.5,0.09995124
31.0,101.0,0.31587693
31.5,101.0,0.32854956
32.0,101.0,0.34164155
32.5,101.0,0.37078512
33.0,101.0,0.32816014
33.5,101.0,0.37938628
34.0,101.0,0.363297
34.5,101.0,0.38141358
35.0,101.0,0.3427256
35.5,101.0,0.23490736
36.0,101.0,0.23205161
37.0,101.0,0.31680843
38.5,101.0,0.12541841
39.0,101.0,0.10137971
39.5,101.0,0.0876893
40.0,101.0,0.12940444
32.0,101.5,0.357963
32.5,101.5,0.37809092
33.0,101.5,0.34179726
33.5,101.5,0.35873652
34.0,101.5,0.34517252
34.5,101.5,0.38523835
35.0,101.5,0.3337457
35.5,101.5,0.2867874
36.0,101.5,0.22647968
36.5,101.5,0.23577991
37.0,101.5,0.27080178
37.5,101.5,0.27885646
38.0,101.5,0.21198271
38.5,101.5,0.114358515
39.0,101.5,0.07403124
39.5,101.5,0.072266
40.0,101.5,0.11599223
32.5,102.0,0.3888917
33.0,102.0,0.38999742
33.5,102.0,0.4340941
34.0,102.0,0.40073085
34.5,102.0,0.36275586
35.0,102.0,0.34296623
35.5,102.0,0.29198545
36.0,102.0,0.2220408
36.5,102.0,0.20440458
37.0,102.0,0.26249552
38.5,102.0,0.10000856
39.0,102.0,0.061683286
39.5,102.0,0.054112084
40.0,102.0,0.06428112
34.5,102.5,0.39774454
35.0,102.5,0.3309406
35.5,102.5,0.29160735
36.0,102.5,0.23319001
36.5,102.5,0.24099526
37.5,102.5,0.22589429
38.0,102.5,0.14414355
38.5,102.5,0.08920895
39.0,102.5,0.053947695
39.5,102.5,0.06042775
40.0,102.5,0.0774955
35.5,103.0,0.26173165
36.0,103.0,0.23381078
36.5,103.0,0.25148976
37.0,103.0,0.28768972
37.5,103.0,0.19064072
38.0,103.0,0.09596041
38.5,103.0,0.07044981
39.0,103.0,0.050493754
39.5,103.0,0.079193674
40.0,103.0,0.13580541
36.5,103.5,0.2342979
38.0,103.5,0.067158565
38.5,103.5,0.05634469
39.0,103.5,0.07263538
39.5,103.5,0.10533558
40.0,103.5,0.15233424
38.5,104.0,0.055183284
39.0,104.0,0.08710991
39.5,104.0,0.06903926
40.0,104.0,0.068120494
40.0,104.5,0.062499553
